PCON22CD,Economically Inactive - Student,Economically Inactive - Aged 16+,Economically Inactive - Aged 16-19,Economically Inactive - Aged 16-24,Economically Inactive - Aged 16-64,Economically Inactive - Aged 20-24,Economic Activity Rate - Aged 16-19,Economic Activity Rate - Aged 16-64,Economic Activity Rate - Aged 20-24,Unemployment Rate - Aged 16+,Unemployment Rate - Aged 16-19,Unemployment Rate - Aged 16-24,Unemployment Rate - Aged 16-64,Unemployment Rate - Aged 20-24,Suffix
E14000530,13.7,30.6,77.8,25.2,15.4,,25.4,84.6,91.5,,,,,,%
E14000531,21.4,43.2,,31.2,19.3,28.8,77.6,80.7,86.6,5.9,,22.8,6.2,28.6,%
E14000532,52.0,37.4,85.6,64.2,22.4,47.5,21.7,77.6,63.3,4.4,,20.9,4.6,,%
E14000533,13.7,34.4,46.0,30.6,20.9,,54.0,79.1,100.0,3.6,,17.7,3.7,,%
E14000534,35.1,39.3,81.0,66.6,18.2,,78.8,81.8,84.9,3.6,,,3.9,,%
E14000535,30.8,48.6,43.7,48.5,36.0,49.7,100.0,64.0,50.3,6.9,,,7.0,,%
E14000536,8.1,41.0,69.3,42.9,30.3,38.2,27.9,69.7,61.8,4.0,,25.5,4.3,,%
E14000537,14.9,40.4,50.5,22.8,26.6,,49.5,73.4,100.0,8.1,,19.2,8.4,,%
E14000538,35.2,33.4,55.4,32.6,15.3,,44.6,84.7,100.0,3.7,,,3.9,,%
E14000539,24.4,36.5,100.0,72.6,19.6,,44.8,80.4,79.0,,,,,,%
E14000540,30.9,33.5,59.1,62.5,23.6,69.3,40.9,76.4,44.9,4.0,,,4.1,,%
E14000541,12.7,45.7,59.8,29.0,30.5,58.9,48.0,69.5,82.7,2.4,,16.3,2.5,,%
E14000542,18.5,36.0,25.9,27.4,22.3,29.3,74.1,77.7,70.7,4.8,28.3,23.1,4.8,,%
E14000543,17.9,42.2,96.5,46.9,23.8,27.8,28.7,76.2,86.9,1.7,,,1.7,,%
E14000544,60.3,32.8,63.1,50.1,20.7,,36.9,79.3,77.2,7.3,,,7.6,,%
E14000545,29.2,29.3,40.7,35.7,16.9,38.4,36.7,83.1,74.5,5.5,,24.1,4.9,,%
E14000546,20.7,45.2,80.7,38.8,24.4,,,75.6,100.0,4.2,,,4.5,,%
E14000547,26.3,34.6,69.7,42.3,16.4,88.4,51.4,83.6,78.6,5.3,,,5.6,,%
E14000548,23.6,43.6,48.6,30.1,29.9,,51.4,70.1,85.1,6.6,,,7.0,,%
E14000549,26.8,11.9,,38.5,7.4,,,92.6,100.0,4.2,,,4.4,,%
E14000550,31.7,35.3,47.4,42.8,19.8,,52.6,80.2,61.4,6.0,,,6.3,,%
E14000551,29.4,39.9,59.3,66.4,20.5,,40.7,79.5,100.0,4.6,,,4.7,,%
E14000552,41.7,28.4,100.0,58.7,16.8,51.9,34.5,83.2,100.0,4.7,,43.8,4.9,,%
E14000553,28.3,27.8,100.0,51.9,21.0,40.7,36.9,79.0,59.3,3.8,,60.9,3.9,60.9,%
E14000554,12.4,47.6,27.4,19.8,26.4,,72.6,73.6,100.0,6.1,,29.3,6.6,,%
E14000555,28.6,32.5,79.2,52.9,28.2,44.3,38.4,71.8,55.7,5.8,,,5.8,,%
E14000556,20.9,44.7,65.7,28.4,20.3,31.9,34.7,79.7,85.9,4.4,40.3,16.4,4.1,,%
E14000557,45.3,51.4,56.3,42.8,26.6,,100.0,73.4,74.2,5.5,,44.0,5.7,,%
E14000558,21.3,35.2,58.6,75.4,24.0,20.8,52.7,76.0,80.4,4.1,57.4,36.8,5.9,,%
E14000559,11.6,40.1,100.0,100.0,29.0,100.0,40.0,71.0,49.3,8.5,82.2,34.2,8.8,,%
E14000560,40.0,33.2,100.0,50.3,26.3,30.5,33.0,73.7,81.1,5.0,,,5.0,,%
E14000561,27.5,36.6,60.6,49.1,30.8,,39.4,69.2,66.0,9.6,100.0,73.4,9.7,,%
E14000562,27.6,35.1,57.4,48.7,22.4,44.0,,77.6,75.4,15.6,,48.0,15.7,58.2,%
E14000563,26.7,48.5,80.8,72.0,43.9,44.3,40.3,56.1,78.0,9.2,56.4,47.9,9.3,,%
E14000564,43.3,31.5,51.9,38.7,29.4,18.3,48.1,70.6,71.8,6.4,,29.4,6.4,30.3,%
E14000565,36.1,37.1,74.4,56.5,26.8,,35.8,73.2,83.7,6.9,,,7.0,,%
E14000566,17.6,24.1,84.3,34.2,17.2,29.0,46.7,82.8,83.5,11.8,,19.6,11.9,,%
E14000567,70.3,27.4,78.7,49.0,22.4,38.9,18.0,77.6,61.1,3.0,30.1,13.9,3.0,,%
E14000568,44.2,41.1,72.1,48.1,37.0,28.1,27.9,63.0,74.8,8.3,50.5,19.4,8.5,,%
E14000569,10.0,48.7,25.4,19.0,25.6,30.8,91.8,74.4,77.1,7.0,45.2,26.4,7.5,,%
E14000570,27.7,44.5,82.6,65.4,30.3,41.5,20.4,69.7,58.5,5.1,,12.7,5.3,18.9,%
E14000571,33.8,39.8,73.8,69.4,33.3,48.0,,66.7,52.0,4.9,,,5.0,,%
E14000572,8.3,46.1,19.9,35.6,23.9,55.8,80.1,76.1,44.2,3.9,,24.2,4.1,47.1,%
E14000573,15.6,48.2,43.7,37.1,27.8,32.1,56.3,72.2,67.9,2.3,,11.8,2.2,18.0,%
E14000574,13.4,47.8,77.7,50.3,31.4,31.9,22.3,68.6,83.8,2.4,,17.2,2.3,24.5,%
E14000575,19.6,37.6,58.4,31.3,16.4,,48.5,83.6,87.7,2.7,42.0,28.4,2.7,,%
E14000576,15.9,38.6,26.5,13.9,9.4,,73.5,90.6,100.0,4.9,,,4.6,,%
E14000577,21.8,36.9,75.6,80.4,18.5,,100.0,81.5,100.0,8.5,,,8.9,,%
E14000578,36.2,45.5,75.5,83.9,32.6,100.0,57.3,67.4,32.9,5.1,,,4.1,,%
E14000579,23.6,45.7,63.3,64.9,28.5,65.3,55.5,71.5,40.9,9.9,,30.8,10.0,,%
E14000580,13.3,37.7,37.3,19.4,19.6,30.7,62.7,80.4,100.0,6.8,,,7.2,,%
E14000581,51.6,36.2,73.8,41.0,24.5,21.8,26.2,75.5,78.2,5.0,49.6,18.2,4.8,,%
E14000582,14.9,39.2,29.9,32.3,26.1,69.1,89.4,73.9,51.5,3.0,,47.2,3.3,,%
E14000583,24.3,34.8,41.0,41.2,16.8,41.3,59.0,83.2,58.7,2.7,,,2.8,,%
E14000584,22.5,34.6,46.6,39.8,18.8,33.9,53.4,81.2,66.1,4.8,59.8,13.6,5.1,,%
E14000585,30.8,31.0,52.1,32.3,16.4,26.0,47.9,83.6,74.0,4.9,68.7,30.5,5.1,22.6,%
E14000586,30.9,30.1,51.1,34.7,16.5,17.5,48.9,83.5,82.5,3.9,19.3,19.6,4.0,12.5,%
E14000587,18.7,39.0,100.0,33.9,30.3,,26.9,69.7,82.7,6.4,,,6.5,,%
E14000588,41.0,33.4,54.9,47.8,23.5,42.3,45.1,76.5,57.7,7.8,,,7.2,,%
E14000589,12.3,41.7,33.6,19.5,28.1,,66.4,71.9,100.0,15.6,,59.8,15.8,,%
E14000590,14.0,45.8,25.6,16.8,22.8,,77.0,77.2,100.0,5.9,,,6.5,,%
E14000591,48.6,40.7,63.9,74.8,34.3,100.0,,65.7,48.6,,,,,,%
E14000592,22.4,50.1,100.0,75.3,32.3,68.5,27.4,67.7,51.9,4.8,83.1,27.6,8.4,,%
E14000593,22.7,23.4,100.0,41.1,17.4,35.6,,82.6,85.2,4.0,,,4.1,,%
E14000594,34.0,33.6,72.4,52.3,21.8,20.9,73.7,78.2,100.0,,,,,,%
E14000595,30.1,35.9,79.3,25.3,19.0,,51.1,81.0,89.8,6.1,,,6.3,,%
E14000596,15.6,35.9,36.7,23.8,16.8,22.8,63.3,83.2,87.9,4.8,,,4.6,,%
E14000597,23.3,45.4,100.0,62.2,33.9,55.2,52.8,66.1,44.8,5.0,63.0,32.0,5.1,,%
E14000598,36.6,31.2,44.6,34.7,22.9,29.1,72.6,77.1,61.6,7.2,,17.5,7.4,,%
E14000599,35.8,25.9,70.2,31.7,13.2,,39.1,86.8,100.0,4.1,,,4.2,,%
E14000600,43.3,31.3,64.8,45.2,18.9,22.9,35.2,81.1,78.9,3.2,,30.2,3.3,,%
E14000601,22.6,27.7,48.3,37.7,20.2,21.7,51.7,79.8,70.1,4.9,,25.8,4.9,,%
E14000602,66.1,28.5,75.6,65.5,25.1,60.0,24.4,74.9,40.0,4.3,,17.0,4.4,,%
E14000603,18.7,43.6,44.2,18.6,25.0,,72.7,75.0,100.0,4.2,,,4.4,,%
E14000604,50.7,23.7,56.1,28.7,13.2,,43.9,86.8,93.8,6.3,,,6.5,,%
E14000605,31.6,32.8,28.1,35.2,11.4,,75.4,88.6,86.2,4.4,,28.5,4.8,,%
E14000606,21.9,39.3,67.6,51.5,22.6,67.2,65.1,77.4,44.6,3.8,,37.5,3.9,,%
E14000607,54.4,38.6,51.0,82.3,22.4,82.3,49.0,77.6,24.1,3.7,,18.8,3.9,,%
E14000608,37.3,33.6,74.3,42.7,20.1,22.4,62.5,79.9,77.6,1.6,,,1.7,,%
E14000609,37.0,31.3,100.0,44.0,21.2,,,78.8,100.0,6.0,,,6.1,,%
E14000610,,33.3,,25.9,21.2,,75.1,78.8,100.0,3.5,,,4.2,,%
E14000611,21.1,37.2,100.0,36.0,17.5,23.3,41.1,82.5,100.0,1.7,,,1.8,,%
E14000612,15.7,33.4,60.8,39.0,20.8,21.3,39.2,79.2,100.0,4.9,33.0,18.0,5.0,,%
E14000613,31.4,42.7,47.2,45.4,25.1,43.4,52.8,74.9,56.6,3.6,38.9,19.6,3.9,,%
E14000614,16.6,41.3,43.5,35.8,21.4,51.8,56.5,78.6,79.6,3.7,,,4.0,,%
E14000615,33.3,23.7,65.1,44.1,19.2,42.2,43.0,80.8,57.8,6.4,,,6.4,,%
E14000616,18.9,39.3,47.9,26.0,14.0,,52.1,86.0,88.6,3.2,,,3.3,,%
E14000617,30.9,27.2,40.7,30.6,18.9,,59.3,81.1,82.4,5.4,,29.9,5.6,,%
E14000618,66.2,33.1,89.8,38.9,15.4,,51.9,84.6,100.0,4.1,,,4.2,,%
E14000619,29.9,49.7,69.0,81.0,39.5,100.0,22.8,60.5,31.1,,,,,,%
E14000620,18.9,34.9,58.6,24.8,14.7,,53.8,85.3,79.6,3.8,,,4.0,,%
E14000621,10.3,29.3,26.0,39.5,11.8,,77.1,88.2,78.0,2.4,,30.8,2.5,,%
E14000622,19.4,37.4,39.6,15.4,9.8,,58.1,90.2,100.0,5.3,,22.5,6.0,,%
E14000623,40.6,37.6,78.1,42.5,21.9,27.5,33.6,78.1,78.3,6.1,,,6.4,,%
E14000624,26.8,34.6,55.8,32.9,18.9,,44.2,81.1,89.0,3.9,,21.9,4.1,,%
E14000625,30.0,32.5,36.8,26.9,12.3,49.0,72.0,87.7,73.9,3.4,,31.0,3.7,,%
E14000626,16.2,26.3,36.3,25.1,17.4,,63.7,82.6,100.0,2.1,,,3.4,,%
E14000627,34.1,34.5,62.8,40.9,18.3,36.8,37.2,81.7,100.0,3.4,,,3.6,,%
E14000628,17.8,30.2,76.0,26.0,12.3,,100.0,87.7,100.0,4.6,,,5.0,,%
E14000629,35.4,37.1,79.9,75.4,28.9,73.0,,71.1,50.9,3.5,,,3.0,,%
E14000630,26.4,28.6,52.6,26.2,16.2,,47.4,83.8,100.0,3.2,,,3.3,,%
E14000631,44.7,34.1,67.3,41.1,12.1,,18.6,87.9,76.7,3.7,,,3.8,,%
E14000632,19.8,41.9,80.4,60.3,21.9,35.5,61.5,78.1,71.2,2.7,,24.7,2.8,30.9,%
E14000633,35.3,50.6,41.4,81.7,27.6,100.0,76.0,72.4,68.5,3.6,,,3.8,,%
E14000634,48.7,31.6,87.8,49.9,14.0,,34.5,86.0,59.3,9.3,48.6,30.7,9.7,35.3,%
E14000635,25.2,31.8,56.3,35.4,16.6,,43.7,83.4,75.3,2.8,,,5.1,,%
E14000636,22.8,37.4,62.0,63.9,31.1,65.5,38.0,68.9,43.4,18.9,,30.7,19.9,28.0,%
E14000637,41.9,45.6,100.0,73.9,32.3,63.4,56.1,67.7,36.6,5.7,,,5.4,,%
E14000638,18.4,48.3,55.4,42.1,21.2,20.8,44.6,78.8,75.7,3.4,54.7,32.4,3.8,,%
E14000639,35.3,34.0,78.6,38.9,24.8,27.6,32.7,75.2,74.7,2.3,,32.2,2.4,,%
E14000640,35.7,41.0,100.0,83.4,27.9,,,72.1,73.2,,,,,,%
E14000641,8.3,40.8,51.8,48.1,25.8,47.0,46.8,74.2,53.0,4.1,,22.5,4.1,,%
E14000642,,49.7,,51.3,30.2,,,69.8,78.0,7.7,,,10.1,,%
E14000643,20.6,44.4,52.9,40.4,24.4,30.9,47.1,75.6,69.1,0.7,,,1.7,,%
E14000644,42.6,41.4,100.0,48.5,27.4,40.9,,72.6,84.5,3.7,,,5.1,,%
E14000645,21.8,39.8,41.6,27.1,21.0,25.8,58.4,79.0,87.1,3.2,,17.1,3.3,,%
E14000646,34.8,34.7,50.5,30.8,15.5,37.2,49.5,84.5,100.0,4.1,,37.3,4.3,,%
E14000647,,42.7,,,22.3,,100.0,77.7,100.0,4.0,,,4.3,,%
E14000648,21.9,31.2,43.8,51.2,14.6,41.5,56.2,85.4,54.9,3.8,,,4.0,,%
E14000649,32.9,33.2,100.0,71.6,27.0,45.1,33.6,73.0,54.9,4.3,28.1,14.4,4.0,,%
E14000650,25.6,26.1,74.6,24.1,16.1,16.3,34.8,83.9,85.3,5.4,,21.2,5.4,24.0,%
E14000651,21.5,37.1,37.8,30.9,25.2,28.7,62.2,74.8,71.3,9.7,54.1,24.2,10.1,20.6,%
E14000652,37.4,32.0,81.6,61.8,27.6,45.5,51.7,72.4,51.1,2.8,,,2.9,,%
E14000653,31.7,45.0,81.0,46.3,21.3,,38.4,78.7,81.6,5.3,,,5.5,,%
E14000654,55.5,28.8,52.5,39.3,17.6,32.7,47.5,82.4,67.3,11.0,37.7,40.3,11.1,54.6,%
E14000655,26.0,36.8,66.2,61.7,29.4,43.0,25.5,70.6,57.0,6.6,,,6.9,,%
E14000656,22.1,21.7,30.3,35.5,11.9,,73.4,88.1,100.0,1.5,,46.6,1.6,,%
E14000657,33.6,30.6,49.4,31.0,20.5,48.2,50.6,79.5,88.3,2.2,,,2.3,,%
E14000658,9.5,36.8,30.2,22.7,15.0,17.2,69.8,85.0,84.4,2.7,27.7,3.6,2.8,7.8,%
E14000659,31.7,33.3,68.2,21.2,13.2,,,86.8,100.0,4.2,,,4.7,,%
E14000660,22.7,46.0,59.4,39.5,24.3,35.3,40.6,75.7,100.0,,,,,,%
E14000661,25.4,33.3,62.5,48.0,21.1,,57.3,78.9,59.9,3.6,,13.8,3.7,20.6,%
E14000662,36.9,31.0,52.0,39.7,16.5,32.7,48.0,83.5,67.3,4.1,51.5,17.0,4.1,,%
E14000663,29.5,32.9,61.3,44.5,22.5,31.3,38.7,77.5,68.7,3.5,,20.6,3.7,,%
E14000664,27.6,45.0,79.8,64.1,21.6,48.3,38.1,78.4,51.7,4.7,,,,,%
E14000665,25.8,34.6,90.0,54.7,16.6,,38.6,83.4,76.1,3.4,,,3.6,,%
E14000666,35.1,37.1,84.6,48.7,24.0,38.4,26.3,76.0,87.2,4.8,,,4.9,,%
E14000667,18.1,42.8,72.0,36.8,23.3,,59.9,76.7,84.3,5.5,,22.7,5.7,,%
E14000668,32.4,38.2,75.0,71.3,26.1,68.6,44.7,73.9,31.4,3.5,,19.8,3.7,23.8,%
E14000669,39.2,39.3,56.6,50.4,19.8,,43.4,80.2,61.6,4.6,59.9,34.4,4.0,,%
E14000670,33.3,33.0,37.8,34.9,16.0,51.8,92.5,84.0,48.2,3.4,,,4.5,,%
E14000671,25.1,39.0,62.7,29.2,21.8,70.8,52.0,78.2,100.0,6.2,,,6.4,,%
E14000672,16.6,46.0,100.0,49.1,23.1,,,76.9,62.8,5.3,,,5.4,,%
E14000673,23.4,18.2,82.8,38.0,10.8,,,89.2,100.0,2.6,,,2.7,,%
E14000674,16.6,28.4,54.7,24.6,17.8,43.3,,82.2,88.3,7.5,,,7.9,,%
E14000675,29.5,35.8,100.0,46.2,19.5,,,80.5,100.0,10.2,,,10.8,,%
E14000676,53.2,40.7,86.1,86.1,16.8,,,89.6,,7.8,,,7.8,,%
E14000677,28.0,41.4,100.0,66.0,24.7,,,75.3,100.0,4.4,,,4.7,,%
E14000678,32.6,39.9,53.0,31.4,20.1,,47.0,79.9,90.1,3.0,,,3.3,,%
E14000679,31.6,35.9,92.2,55.8,32.7,65.7,30.6,67.3,77.5,9.4,,,9.6,,%
E14000680,52.1,32.0,34.1,36.6,13.1,46.1,65.9,86.9,59.2,4.3,,,4.6,,%
E14000681,43.5,40.0,72.8,64.6,22.8,53.2,,77.2,54.2,3.5,,,3.8,,%
E14000682,27.9,38.6,57.8,16.9,20.3,,59.7,79.7,100.0,3.0,,27.7,3.1,,%
E14000683,6.1,45.2,49.7,28.4,25.5,27.0,82.8,74.5,68.7,3.4,,,3.1,,%
E14000684,10.0,34.3,55.1,27.4,18.1,,,81.9,100.0,8.1,,,8.5,,%
E14000685,18.0,27.7,68.3,29.5,11.5,,68.2,88.5,81.7,2.6,,,2.8,,%
E14000686,23.4,42.8,64.3,58.3,28.7,,35.7,71.3,100.0,3.1,,,5.1,,%
E14000687,28.2,54.9,76.5,76.8,46.7,,,53.3,100.0,7.6,,,7.7,,%
E14000688,32.0,44.0,60.5,44.1,32.8,,64.4,67.2,81.3,5.6,,,5.7,,%
E14000689,41.3,39.3,85.1,47.8,23.4,26.6,33.1,76.6,82.0,4.8,,26.8,3.8,39.4,%
E14000690,24.5,35.6,100.0,50.8,17.6,,44.3,82.4,100.0,3.9,,,4.0,,%
E14000691,21.1,46.2,,50.3,32.6,40.4,52.0,67.4,100.0,6.5,,,6.7,,%
E14000692,57.6,32.0,67.4,68.8,19.4,32.2,,80.6,72.8,9.5,,22.0,10.0,28.7,%
E14000693,28.0,33.2,75.6,50.3,22.2,45.9,30.2,77.8,63.8,3.0,,,3.1,,%
E14000694,24.1,27.9,100.0,37.7,12.6,,46.0,87.4,83.7,4.8,,,6.6,,%
E14000695,16.2,33.7,40.6,28.0,20.1,,59.4,79.9,80.9,4.9,,,5.0,,%
E14000696,33.2,35.8,81.6,60.1,22.4,83.5,16.5,77.6,66.6,3.8,,,3.9,,%
E14000697,13.6,37.0,50.3,34.1,23.4,56.0,49.7,76.6,100.0,2.6,,33.7,2.7,,%
E14000698,44.2,25.2,46.4,48.4,19.8,54.9,65.3,80.2,45.1,2.6,,,2.6,,%
E14000699,20.8,31.3,53.0,25.5,9.7,23.0,100.0,90.3,100.0,4.2,,,4.6,,%
E14000700,20.9,44.3,,36.9,29.5,,84.6,70.5,75.3,6.1,,,6.4,,%
E14000701,22.3,29.7,77.5,30.9,22.3,34.2,47.5,77.7,100.0,6.6,,45.3,6.8,51.3,%
E14000702,42.7,28.8,49.4,20.2,12.8,15.9,50.6,87.2,84.1,2.9,,,3.0,,%
E14000703,23.5,27.8,100.0,100.0,16.1,33.1,23.1,83.9,100.0,4.2,,,3.4,,%
E14000704,51.6,41.4,85.3,59.8,24.1,44.5,35.9,75.9,55.5,12.5,,,13.3,,%
E14000705,23.4,40.6,75.5,65.0,18.2,60.0,34.0,81.8,60.1,4.8,,,4.4,,%
E14000706,58.0,42.2,56.9,55.5,18.5,20.0,47.6,81.5,71.4,,,,,,%
E14000707,11.4,41.1,37.2,52.1,25.7,82.2,77.8,74.3,,9.7,,,8.7,,%
E14000708,15.5,44.7,88.6,59.3,34.1,43.2,44.6,65.9,56.8,3.9,,26.9,3.3,,%
E14000709,26.8,35.6,55.9,36.5,21.8,,44.1,78.2,80.3,3.9,27.4,16.1,4.0,32.5,%
E14000710,43.4,36.0,82.5,56.3,27.5,35.9,17.5,72.5,76.1,5.0,,30.6,5.1,,%
E14000711,27.1,39.9,54.4,31.3,19.1,37.9,45.6,80.9,89.4,6.7,,35.9,6.1,,%
E14000712,17.9,27.8,42.3,24.6,16.0,30.5,65.9,84.0,85.5,3.4,,,3.6,,%
E14000713,14.6,35.3,60.5,30.0,18.5,41.2,63.0,81.5,100.0,3.1,,,3.1,,%
E14000714,19.1,37.6,54.8,29.3,21.7,,20.1,78.3,100.0,,,,,,%
E14000715,,31.6,,33.7,10.8,,56.4,89.2,100.0,,,,,,%
E14000716,17.9,42.9,77.1,47.3,23.2,31.2,22.9,76.8,68.8,6.1,,,6.0,,%
E14000717,18.5,47.2,21.2,20.8,26.7,,78.8,73.3,79.6,9.7,,27.5,9.8,,%
E14000718,20.8,16.8,77.9,31.7,12.3,,56.7,87.7,87.6,4.2,,34.7,4.2,37.4,%
E14000719,36.7,29.9,77.3,59.2,15.5,61.2,,84.5,100.0,3.6,,,3.7,,%
E14000720,44.6,24.2,100.0,61.0,17.3,51.4,,82.7,100.0,9.9,,,10.8,,%
E14000721,36.3,28.1,100.0,53.5,13.3,,,86.7,100.0,4.9,,,5.0,,%
E14000722,,31.8,,,13.6,,,86.4,83.6,,,,,,%
E14000723,23.5,38.0,56.0,46.3,22.7,42.9,44.0,77.3,64.5,3.4,,,3.5,,%
E14000724,56.1,31.0,35.3,38.2,13.3,65.1,64.7,86.7,43.1,2.2,,17.9,2.2,28.7,%
E14000725,12.5,45.3,100.0,31.3,21.8,15.0,20.0,78.2,89.1,1.7,25.5,12.3,1.7,,%
E14000726,62.3,27.3,77.3,87.3,21.4,89.1,37.6,78.6,41.2,4.7,,,4.8,,%
E14000727,53.2,35.0,56.8,62.6,31.2,67.9,43.2,68.8,33.9,13.4,,,15.0,,%
E14000728,37.8,34.2,65.0,42.8,18.6,57.5,25.3,81.4,69.7,4.1,100.0,21.2,4.3,,%
E14000729,30.2,28.1,47.3,31.4,17.7,,49.6,82.3,100.0,8.8,100.0,34.6,9.0,,%
E14000730,50.0,35.0,57.2,45.8,15.7,,42.8,84.3,81.1,1.9,,,2.0,,%
E14000731,21.0,53.7,34.6,77.7,36.5,72.2,79.1,63.5,100.0,5.2,88.0,59.4,5.6,,%
E14000732,24.6,22.6,44.3,28.4,10.9,37.9,59.0,89.1,100.0,14.6,,52.2,15.1,,%
E14000733,22.0,42.0,58.3,43.4,27.2,37.0,41.7,72.8,63.0,4.1,16.6,11.8,4.2,12.1,%
E14000734,44.8,38.7,83.6,53.2,23.1,,,76.9,83.6,4.6,,42.6,4.9,,%
E14000735,16.8,44.9,82.1,20.0,27.1,54.9,65.7,72.9,100.0,5.3,,,5.6,,%
E14000736,21.6,45.1,58.7,45.8,29.8,42.1,41.3,70.2,52.9,,,,,,%
E14000737,30.4,37.9,100.0,55.7,35.1,52.8,38.4,64.9,58.8,7.4,67.1,22.2,7.5,,%
E14000738,16.2,35.2,59.8,27.0,17.4,43.5,40.2,82.6,100.0,9.4,,44.8,9.6,47.1,%
E14000739,39.3,41.7,100.0,83.3,27.4,64.9,43.9,72.6,67.1,2.6,,,2.7,,%
E14000740,19.3,49.3,75.5,44.3,32.5,55.5,24.5,67.5,86.2,3.0,,17.1,3.1,,%
E14000741,29.0,38.8,66.4,57.2,34.0,29.1,,66.0,100.0,7.9,,27.4,7.9,,%
E14000742,22.4,42.1,81.6,31.5,27.0,,43.6,73.0,100.0,5.5,,,6.2,,%
E14000743,18.9,44.9,55.8,54.1,24.6,53.0,44.2,75.4,47.0,1.7,,,1.8,,%
E14000744,26.4,32.2,43.9,19.7,18.2,,56.1,81.8,100.0,4.1,,,4.1,,%
E14000745,19.7,34.9,80.0,44.3,22.6,38.3,29.0,77.4,100.0,5.2,,,5.6,,%
E14000746,33.5,44.6,56.5,55.9,25.3,54.8,43.5,74.7,45.2,3.1,,,3.4,,%
E14000747,14.8,38.4,49.7,23.3,21.7,30.1,50.3,78.3,91.0,2.8,,12.0,3.0,,%
E14000748,30.4,36.3,58.2,50.3,19.3,,44.8,80.7,100.0,6.0,,,6.2,,%
E14000749,26.7,30.6,75.7,75.7,17.9,,58.3,82.1,100.0,,,,,,%
E14000750,60.0,26.6,46.7,50.5,19.8,53.2,53.3,80.2,46.8,6.6,,,7.1,,%
E14000751,30.3,28.0,63.7,26.4,14.4,,65.1,85.6,100.0,2.3,,,2.4,,%
E14000752,34.8,27.6,57.4,44.9,21.9,19.1,42.6,78.1,78.5,2.6,,,2.7,,%
E14000753,50.4,33.6,67.0,50.9,17.2,44.2,59.1,82.8,100.0,3.3,,,3.4,,%
E14000754,25.7,42.0,62.7,47.0,24.0,36.8,37.3,76.0,63.2,3.2,,,2.9,,%
E14000755,33.0,27.8,42.0,43.5,11.6,18.0,58.0,88.4,72.9,6.8,53.6,21.5,7.1,,%
E14000756,16.8,27.6,31.6,35.8,19.1,40.1,68.4,80.9,59.9,9.9,,,10.4,,%
E14000757,46.9,28.6,32.9,24.5,14.4,38.1,67.1,85.6,81.8,2.0,,,2.1,,%
E14000758,22.1,30.1,76.0,37.2,17.6,79.9,,82.4,68.1,9.8,,,10.4,,%
E14000759,33.9,33.0,100.0,62.4,26.4,32.9,50.3,73.6,53.1,3.6,,34.6,3.8,,%
E14000760,34.3,42.0,68.1,54.4,33.3,45.4,37.3,66.7,54.6,5.4,,,5.5,,%
E14000761,23.9,26.8,,31.3,13.6,,100.0,86.4,85.0,4.2,,,4.3,,%
E14000762,12.0,50.4,39.2,36.7,26.2,33.2,60.8,73.8,66.8,5.3,31.9,17.8,5.7,14.3,%
E14000763,49.5,24.3,76.8,70.7,16.6,31.0,,83.4,81.3,3.1,,30.7,3.1,30.7,%
E14000764,67.7,19.9,100.0,49.7,14.5,36.1,,85.5,63.9,4.2,,31.8,4.2,,%
E14000765,27.4,39.0,63.3,33.0,24.1,18.5,36.7,75.9,81.5,10.8,,18.4,11.0,18.7,%
E14000766,19.8,42.9,51.1,45.3,25.5,73.0,57.8,74.5,57.2,5.3,,,5.7,,%
E14000767,37.5,35.3,52.1,22.8,17.8,37.6,47.9,82.2,89.0,,,,,,%
E14000768,47.5,45.0,87.7,67.9,32.0,51.6,24.6,68.0,48.4,4.5,,,4.8,,%
E14000769,23.8,37.9,44.3,38.7,23.4,35.7,55.7,76.6,64.3,3.5,,,3.6,,%
E14000770,25.0,23.6,38.2,50.7,10.5,54.2,88.8,89.5,45.8,2.4,,21.8,2.5,,%
E14000771,13.9,36.1,65.9,28.3,17.7,31.6,22.0,82.3,100.0,3.2,,,3.3,,%
E14000772,33.1,36.3,78.3,58.1,29.5,32.1,21.7,70.5,68.5,3.3,45.2,27.4,3.4,,%
E14000773,14.1,34.4,58.1,41.0,20.4,46.7,48.6,79.6,100.0,3.8,,,3.9,,%
E14000774,11.0,35.0,82.4,41.2,15.2,27.8,52.3,84.8,71.2,2.1,,,2.2,,%
E14000775,11.9,40.0,29.8,18.1,23.1,21.4,70.2,76.9,91.9,3.3,,15.3,3.3,17.5,%
E14000776,36.4,43.2,84.8,46.1,31.7,47.7,,68.3,84.3,6.8,,,6.9,,%
E14000777,26.7,23.1,78.7,40.2,15.7,42.4,,84.3,75.7,5.5,,,5.6,,%
E14000778,30.6,48.8,70.9,72.0,40.8,72.8,29.1,59.2,40.8,13.8,,,14.2,,%
E14000779,38.2,38.5,54.1,32.1,17.2,30.2,45.9,82.8,69.8,3.6,,,3.8,,%
E14000780,33.0,32.7,44.0,38.0,15.1,53.1,56.0,84.9,100.0,,,,,,%
E14000781,36.8,30.1,80.9,30.7,21.8,44.1,,78.2,100.0,5.2,,,5.3,,%
E14000782,23.4,41.2,83.6,45.7,33.1,20.1,19.6,66.9,79.9,10.2,,39.2,10.5,37.9,%
E14000783,33.2,33.9,70.0,45.3,25.4,21.7,30.0,74.6,78.3,5.8,,12.8,5.9,,%
E14000784,26.5,33.2,55.0,54.1,27.3,52.9,45.0,72.7,47.1,9.3,,41.2,9.7,36.3,%
E14000785,14.1,48.5,50.9,85.1,32.3,34.3,49.1,67.7,79.3,5.8,,23.3,6.1,,%
E14000786,25.1,42.1,71.5,48.3,22.8,,48.7,77.2,71.9,9.8,,26.1,10.5,,%
E14000787,42.1,34.4,68.9,52.3,18.9,32.4,62.5,81.1,100.0,11.2,,41.9,11.3,,%
E14000788,34.6,24.4,100.0,58.7,14.8,,46.7,85.2,,3.4,100.0,54.9,3.6,,%
E14000789,76.5,18.9,63.8,57.6,13.8,53.4,48.6,86.2,46.6,6.5,,,6.7,,%
E14000790,42.8,33.1,100.0,63.8,28.5,51.3,,71.5,48.7,4.7,,,5.0,,%
E14000791,43.5,34.9,69.8,41.9,16.2,58.4,84.8,83.8,41.6,5.8,,,6.1,,%
E14000792,25.5,40.6,82.5,36.6,26.6,30.3,62.4,73.4,63.7,4.4,,,4.6,,%
E14000793,65.4,29.4,84.6,65.7,21.3,32.2,55.2,78.7,59.2,8.9,,25.2,9.0,,%
E14000794,20.8,32.6,38.6,41.7,21.5,43.6,61.4,78.5,56.4,7.2,,,7.6,,%
E14000795,44.6,39.0,71.2,36.9,24.9,32.4,,75.1,67.6,6.6,,,6.8,,%
E14000796,44.0,37.6,55.6,63.4,26.5,69.3,44.4,73.5,47.3,9.5,,,9.8,,%
E14000797,32.2,37.5,100.0,40.4,23.8,,51.1,76.2,79.4,4.2,,,4.3,,%
E14000798,26.5,46.0,54.0,46.5,20.1,32.9,46.0,79.9,100.0,6.9,,28.4,7.6,,%
E14000799,23.6,44.1,35.1,18.7,18.1,,100.0,81.9,100.0,5.1,,,5.4,,%
E14000800,26.8,30.0,57.3,35.2,19.6,22.3,42.7,80.4,77.7,5.1,,19.5,5.3,,%
E14000801,26.8,41.0,94.6,57.5,27.9,21.4,51.3,72.1,78.6,6.0,,12.5,5.9,12.1,%
E14000802,37.9,39.4,57.1,30.3,8.7,34.6,72.4,91.3,100.0,6.6,,,6.8,,%
E14000803,34.3,30.1,42.5,34.2,13.9,24.7,57.5,86.1,75.3,3.9,,7.5,3.9,16.7,%
E14000804,36.9,32.6,69.9,62.3,23.1,,57.7,76.9,100.0,7.5,,,7.5,,%
E14000805,25.4,36.9,48.8,42.0,22.3,,51.2,77.7,100.0,,,,,,%
E14000806,18.6,34.8,63.8,49.3,16.1,,85.0,83.9,100.0,3.7,,,3.8,,%
E14000807,54.9,35.1,100.0,48.9,31.7,34.6,,68.3,65.4,6.3,,31.3,6.1,,%
E14000808,23.4,26.9,64.7,37.4,18.7,44.6,51.9,81.3,100.0,6.6,,42.6,6.7,,%
E14000809,42.6,21.3,37.6,30.2,16.7,24.4,62.4,83.3,72.4,3.8,,,3.8,,%
E14000810,20.2,43.5,40.8,32.0,25.4,56.6,60.7,74.6,100.0,4.7,,,4.9,,%
E14000811,21.3,47.2,59.8,42.2,24.2,,83.3,75.8,63.4,2.7,38.7,15.1,2.9,,%
E14000812,30.5,38.1,54.1,45.2,19.8,38.7,45.9,80.2,61.3,2.3,,13.8,2.2,,%
E14000813,12.1,36.2,37.1,22.6,17.6,65.7,69.3,82.4,81.8,2.3,,,2.8,,%
E14000814,15.9,40.9,72.8,58.2,17.7,60.7,46.5,82.3,39.3,2.3,,,2.3,,%
E14000815,17.0,36.3,40.9,21.5,11.4,,59.1,88.6,93.2,4.6,,29.1,4.9,,%
E14000816,13.6,45.2,54.1,33.4,28.8,42.5,45.9,71.2,100.0,4.5,,20.7,4.7,35.0,%
E14000817,13.6,40.6,50.7,38.3,23.2,,,76.8,71.7,4.4,,,4.6,,%
E14000818,38.3,43.0,100.0,58.9,20.1,,23.4,79.9,65.5,5.6,,,6.0,,%
E14000819,17.9,35.2,47.7,46.5,25.9,45.6,52.3,74.1,54.4,7.6,40.2,14.4,7.8,,%
E14000820,20.2,40.7,55.0,30.3,21.8,26.1,45.0,78.2,91.8,3.5,,15.6,3.6,21.6,%
E14000821,24.2,36.6,33.6,31.6,20.3,30.1,66.4,79.7,69.9,2.8,,,2.8,,%
E14000822,29.7,30.6,49.7,29.5,18.3,24.9,50.3,81.7,92.7,3.4,37.8,11.9,3.2,,%
E14000823,30.3,21.3,100.0,29.1,16.4,56.5,25.8,83.6,100.0,3.1,,,3.2,,%
E14000824,20.6,31.3,64.4,52.5,10.3,70.4,52.4,89.7,100.0,,,,,,%
E14000825,25.0,42.9,62.6,25.8,20.6,,53.2,79.4,100.0,4.2,,,4.5,,%
E14000826,26.7,29.6,44.9,30.8,11.2,,74.5,88.8,100.0,5.0,,,5.0,,%
E14000827,54.0,34.8,68.4,40.1,22.0,,31.6,78.0,88.5,4.7,,,8.7,,%
E14000828,27.5,39.9,49.2,38.0,10.7,,78.4,89.3,100.0,4.7,,45.8,5.2,,%
E14000829,18.6,41.9,41.8,38.2,21.5,27.8,42.0,78.5,100.0,6.9,,,7.4,,%
E14000830,23.9,32.3,56.0,31.9,16.1,20.9,44.0,83.9,81.3,1.8,,8.7,1.8,15.2,%
E14000831,33.9,40.8,55.2,58.1,34.3,60.0,44.8,65.7,40.0,5.0,,,4.7,,%
E14000832,37.5,40.0,78.0,42.6,30.0,27.2,27.6,70.0,72.8,3.3,,15.8,3.3,,%
E14000833,11.0,32.2,45.8,16.7,11.3,,100.0,88.7,91.4,4.3,,,4.3,,%
E14000834,51.3,35.3,82.6,45.8,10.6,,36.8,89.4,100.0,4.1,,,4.2,,%
E14000835,46.1,33.5,48.0,25.1,17.0,,52.0,83.0,100.0,3.6,,,3.7,,%
E14000836,25.6,33.3,33.5,23.2,18.2,,66.5,81.8,88.3,2.7,,20.6,2.8,21.2,%
E14000837,22.4,59.7,42.5,100.0,37.5,,100.0,62.5,100.0,3.3,,,3.6,,%
E14000838,29.6,44.4,40.6,49.8,17.9,,64.9,82.1,58.0,,,,,,%
E14000839,26.4,40.9,79.5,36.9,19.6,21.5,30.8,80.4,78.5,2.1,,,2.3,,%
E14000840,19.5,39.9,81.0,50.8,25.5,47.8,43.7,74.5,52.2,4.3,,,3.8,,%
E14000841,32.1,34.3,47.7,29.3,17.3,22.0,52.3,82.7,93.2,4.0,31.0,22.3,3.9,,%
E14000842,27.7,39.1,35.8,47.7,24.9,62.4,79.7,75.1,63.1,4.0,,,4.5,,%
E14000843,28.2,50.9,100.0,28.5,30.2,44.0,67.0,69.8,100.0,2.8,,,3.0,,%
E14000844,27.9,28.2,28.6,12.3,11.6,,58.4,88.4,100.0,5.8,44.8,13.8,5.9,,%
E14000845,25.2,31.2,61.6,17.1,11.4,,82.7,88.6,100.0,7.4,,35.6,7.7,,%
E14000846,42.6,38.3,56.1,38.9,15.9,37.5,43.9,84.1,86.2,3.3,,11.3,3.5,,%
E14000847,18.3,42.6,37.2,25.8,18.6,,62.8,81.4,89.0,1.1,49.0,18.2,1.2,27.6,%
E14000848,30.9,40.9,37.2,48.2,19.1,,68.3,80.9,76.1,3.9,,,4.0,,%
E14000849,28.7,42.3,66.4,43.9,24.8,55.1,33.6,75.2,100.0,3.3,,,3.5,,%
E14000850,25.4,40.3,23.0,19.1,12.3,25.3,77.0,87.7,85.8,2.8,,14.4,3.0,,%
E14000851,27.3,35.9,75.4,39.2,19.0,26.7,24.6,81.0,93.6,2.6,25.7,18.5,2.7,34.7,%
E14000852,26.5,28.3,67.7,28.8,14.3,20.7,70.3,85.7,72.5,12.7,,,12.9,,%
E14000853,8.0,40.3,49.5,12.3,22.5,26.2,62.2,77.5,100.0,9.3,45.0,32.1,9.8,,%
E14000854,40.9,37.0,68.5,29.4,13.9,,75.4,86.1,62.2,2.5,,,2.5,,%
E14000855,15.9,35.4,44.7,39.5,16.8,29.1,58.0,83.2,64.7,2.0,35.1,15.0,1.7,,%
E14000856,30.3,41.5,60.2,43.0,25.8,,39.8,74.2,85.2,3.6,,,3.8,,%
E14000857,23.4,32.2,52.7,53.3,17.6,63.0,73.8,82.4,51.5,3.0,,,3.1,,%
E14000858,13.7,38.1,35.7,18.0,17.2,,100.0,82.8,47.3,3.3,,,3.4,,%
E14000859,22.6,44.0,59.9,35.5,16.4,,60.0,83.6,100.0,6.9,,,6.4,,%
E14000860,37.6,43.0,48.1,44.8,26.7,,51.9,73.3,81.8,3.7,,,2.9,,%
E14000861,28.6,31.0,67.0,30.2,21.0,59.7,42.6,79.0,85.1,9.3,,44.4,9.6,,%
E14000862,31.7,40.6,44.1,25.5,22.8,,73.1,77.2,75.6,5.3,,27.4,5.4,,%
E14000863,22.1,32.4,80.1,41.7,20.4,,41.4,79.6,100.0,4.8,100.0,50.4,5.0,,%
E14000864,24.2,36.4,72.6,50.7,15.0,50.6,,85.0,49.4,6.8,,,7.0,,%
E14000865,43.8,37.4,72.6,68.3,28.6,61.4,27.4,71.4,38.6,7.2,,,6.9,,%
E14000866,20.8,45.0,100.0,78.8,34.0,68.7,34.4,66.0,31.3,8.0,,11.7,8.1,,%
E14000867,56.0,43.4,70.1,67.9,33.3,67.4,62.2,66.7,32.6,2.5,,9.7,2.5,,%
E14000868,10.5,33.4,72.6,27.5,17.9,35.6,100.0,82.1,68.3,4.1,,,4.2,,%
E14000869,43.1,30.9,46.6,33.5,15.3,,53.4,84.7,77.0,3.6,,,3.8,,%
E14000870,21.4,42.0,50.0,33.3,22.0,25.3,50.0,78.0,87.8,2.8,40.6,12.7,2.9,,%
E14000871,41.2,40.6,88.7,60.4,25.1,34.1,23.2,74.9,67.8,4.1,,,4.3,,%
E14000872,43.0,37.6,87.4,31.5,14.2,,,85.8,100.0,,,,,,%
E14000873,70.6,24.4,100.0,66.0,16.8,51.1,22.7,83.2,48.9,5.1,,,5.3,,%
E14000874,80.8,26.2,23.7,23.0,7.6,30.7,92.3,92.4,85.7,7.4,,17.7,7.4,,%
E14000875,45.5,46.3,83.8,59.5,35.6,48.4,45.2,64.4,51.6,9.4,,,7.2,,%
E14000876,12.9,31.8,41.6,11.0,11.4,,74.9,88.6,100.0,6.3,,25.7,6.4,,%
E14000877,,39.2,,,8.1,,84.4,91.9,100.0,3.9,,,4.3,,%
E14000878,23.7,34.6,85.7,61.1,16.1,,29.0,83.9,62.1,8.2,,32.6,8.4,,%
E14000879,13.2,42.0,54.4,29.3,24.7,,45.6,75.3,100.0,3.9,,,4.0,,%
E14000880,22.6,36.3,54.4,27.7,22.7,22.8,45.6,77.3,83.2,3.9,,,4.0,,%
E14000881,32.2,38.7,56.8,37.3,19.0,22.0,43.2,81.0,85.0,2.0,,15.3,2.1,17.8,%
E14000882,35.2,29.4,75.4,42.7,20.7,30.3,,79.3,69.7,7.2,,15.1,7.5,15.1,%
E14000883,15.7,36.3,39.3,31.0,15.4,17.0,60.7,84.6,85.5,2.6,54.4,17.1,2.4,,%
E14000884,33.9,34.5,67.1,43.1,19.4,32.5,55.0,80.6,67.5,2.9,,14.8,3.0,17.3,%
E14000885,34.2,31.1,55.8,35.7,17.7,33.3,,82.3,100.0,4.5,,,4.7,,%
E14000886,22.7,19.9,31.7,14.4,9.7,,73.2,90.3,100.0,3.0,,,3.0,,%
E14000887,50.5,17.3,100.0,31.1,13.3,,34.4,86.7,82.0,2.8,,,2.8,,%
E14000888,44.3,37.6,65.1,33.7,19.1,34.3,75.6,80.9,84.7,,,,,,%
E14000889,29.4,23.0,50.8,26.8,10.6,19.0,49.2,89.4,81.0,4.8,,,4.6,,%
E14000890,17.2,27.0,39.1,17.6,11.7,22.4,60.9,88.3,100.0,2.1,40.7,16.4,2.2,,%
E14000891,24.0,44.5,43.6,34.8,25.9,28.2,56.4,74.1,71.8,3.9,,14.2,4.1,,%
E14000892,38.6,34.0,63.6,46.6,22.8,,32.8,77.2,77.9,5.5,,,5.8,,%
E14000893,29.5,27.3,44.4,35.4,9.0,48.5,66.4,91.0,100.0,,,,,,%
E14000894,15.5,33.7,50.2,19.8,18.7,,77.2,81.3,100.0,2.7,,,2.9,,%
E14000895,17.7,38.0,53.1,49.9,19.1,39.5,46.9,80.9,71.8,5.1,,,4.5,,%
E14000896,29.3,27.0,60.4,42.1,16.0,25.2,39.6,84.0,67.2,3.1,,,3.2,,%
E14000897,33.1,40.6,86.2,64.8,27.7,36.7,10.6,72.3,69.6,3.6,35.2,12.7,3.8,,%
E14000898,46.6,29.2,66.2,35.4,12.5,30.2,33.8,87.5,88.5,4.7,,22.9,4.9,,%
E14000899,19.8,37.5,47.5,36.1,22.0,27.2,52.5,78.0,72.8,3.3,35.9,15.3,3.5,,%
E14000900,19.9,28.0,33.7,21.7,15.4,,66.3,84.6,100.0,3.2,,,3.3,,%
E14000901,41.6,35.7,61.4,35.0,16.4,22.9,38.6,83.6,86.8,3.8,,,3.9,,%
E14000902,14.4,45.7,51.6,53.2,28.3,40.6,48.4,71.7,58.8,2.0,,28.0,2.0,,%
E14000903,16.8,39.2,58.3,35.2,21.1,31.1,41.7,78.9,80.0,4.1,67.6,18.3,3.7,,%
E14000904,20.1,47.4,78.6,56.2,32.9,37.2,60.5,67.1,61.3,7.8,,,8.0,,%
E14000905,46.1,37.2,93.0,77.7,20.2,,36.0,79.8,100.0,3.7,,,3.8,,%
E14000906,34.6,31.5,72.9,36.2,19.1,,23.3,80.9,73.0,9.8,,,10.2,,%
E14000907,11.2,33.3,100.0,33.4,14.6,30.4,47.1,85.4,56.8,4.4,,,3.9,,%
E14000908,22.4,32.2,45.9,19.0,13.9,,57.4,86.1,100.0,2.6,,,2.7,,%
E14000909,23.8,40.8,54.4,23.3,19.3,18.3,45.6,80.7,96.4,3.2,,30.1,3.5,28.2,%
E14000910,29.6,30.7,84.0,31.1,18.4,,35.0,81.6,79.7,2.3,,,2.2,,%
E14000911,27.8,28.8,69.2,36.0,16.8,23.7,43.6,83.2,76.3,4.0,,21.8,4.2,,%
E14000912,23.3,36.1,50.9,42.3,23.2,,49.1,76.8,67.0,3.8,,29.7,4.1,30.7,%
E14000913,24.0,44.8,60.3,47.5,28.6,,39.7,71.4,77.3,3.9,,22.9,4.3,,%
E14000914,15.5,42.7,49.4,29.5,23.3,,50.6,76.7,100.0,3.8,,,3.9,,%
E14000915,10.7,41.7,28.0,25.4,30.0,23.7,68.4,70.0,76.3,3.0,,,3.1,,%
E14000916,33.4,50.1,72.9,48.1,23.4,22.0,61.1,76.6,73.0,2.6,,,2.6,,%
E14000917,35.3,42.8,65.2,31.0,17.9,,34.8,82.1,100.0,3.7,,,3.8,,%
E14000918,30.8,49.0,100.0,35.1,26.1,40.6,,73.9,100.0,5.3,,,5.3,,%
E14000919,20.5,24.9,30.4,21.0,14.7,17.2,75.4,85.3,86.9,7.8,85.0,27.9,8.0,,%
E14000920,31.1,42.0,59.3,23.3,28.8,,37.5,71.2,82.5,5.3,,,5.4,,%
E14000921,32.6,36.9,57.9,47.3,30.8,38.2,42.1,69.2,61.8,5.6,,35.7,6.0,,%
E14000922,38.5,39.4,71.7,69.2,23.6,,45.9,76.4,100.0,4.0,,,4.2,,%
E14000923,17.6,36.9,46.2,32.0,24.5,,53.8,75.5,74.1,3.8,,,4.0,,%
E14000924,46.2,31.8,56.8,30.9,18.8,,43.2,81.2,93.6,2.6,,,2.4,,%
E14000925,14.7,50.7,68.9,70.2,29.9,,34.2,70.1,84.2,7.3,,,7.6,,%
E14000926,12.1,35.1,55.6,20.8,14.1,,44.4,85.9,90.7,5.6,61.8,21.7,5.0,,%
E14000927,48.3,33.1,57.4,35.9,17.8,,61.0,82.2,100.0,4.9,,32.3,5.3,,%
E14000928,26.3,43.3,66.9,28.0,21.8,31.5,64.3,78.2,85.2,,,,,,%
E14000929,24.5,46.7,82.3,59.8,26.6,31.1,43.9,73.4,85.7,3.4,,,3.5,,%
E14000930,33.4,35.1,57.8,65.8,20.3,78.1,42.2,79.7,52.9,7.6,56.3,42.2,7.7,14.7,%
E14000931,36.7,40.3,61.6,37.5,18.3,18.4,38.4,81.7,82.9,5.1,45.1,26.5,5.4,,%
E14000932,36.1,37.6,43.9,25.4,17.9,,56.1,82.1,85.0,3.1,,,3.3,,%
E14000933,22.0,30.1,45.9,21.2,10.0,22.5,54.1,90.0,89.2,10.3,,26.5,10.4,20.6,%
E14000934,43.9,27.7,72.6,38.2,14.8,41.8,27.4,85.2,100.0,7.1,27.3,25.8,7.2,,%
E14000935,24.9,36.7,45.1,27.4,20.2,22.5,54.9,79.8,81.9,5.5,,18.3,5.8,,%
E14000936,20.4,45.8,57.9,60.9,23.6,63.2,42.1,76.4,36.8,2.7,,,2.9,,%
E14000937,42.1,30.9,46.1,22.2,12.1,31.8,74.1,87.9,80.6,1.5,,44.3,1.6,,%
E14000938,12.4,48.0,50.0,39.2,30.1,,70.9,69.9,54.6,3.8,62.4,22.5,4.2,,%
E14000939,18.5,37.5,100.0,34.2,13.9,,79.1,86.1,100.0,,,,,,%
E14000940,38.4,23.9,59.3,37.3,12.4,,40.7,87.6,83.5,2.2,,37.9,2.2,58.1,%
E14000941,28.5,33.8,36.2,12.0,11.3,,63.8,88.7,94.0,9.4,,,9.9,,%
E14000942,20.5,30.8,60.5,14.0,10.4,,65.7,89.6,93.3,5.6,,,5.8,,%
E14000943,32.4,26.2,,21.0,13.1,,100.0,86.9,76.5,5.6,,39.5,5.9,46.9,%
E14000944,22.0,48.3,46.4,38.9,31.1,33.4,53.6,68.9,66.6,12.7,49.8,39.7,13.0,27.7,%
E14000945,33.8,41.7,32.5,19.2,12.0,43.3,80.8,88.0,100.0,,,,,,%
E14000946,18.0,46.1,100.0,77.3,25.6,,,74.4,75.5,6.1,,,6.6,,%
E14000947,26.8,40.7,69.9,55.4,21.9,45.6,39.9,78.1,54.4,4.2,25.5,9.2,4.3,,%
E14000948,28.9,59.4,55.9,52.3,33.4,51.8,,66.6,63.7,5.3,,65.2,7.2,60.9,%
E14000949,20.9,26.3,67.7,27.3,13.2,27.7,35.1,86.8,100.0,3.1,,,3.4,,%
E14000950,10.6,47.7,58.9,56.5,23.2,,56.3,76.8,74.5,3.1,66.4,46.0,3.3,,%
E14000951,26.7,36.7,76.3,47.9,19.2,36.1,24.2,80.8,64.1,4.3,,,4.6,,%
E14000952,64.8,31.0,100.0,59.5,11.4,,29.2,88.6,100.0,5.0,,,5.3,,%
E14000953,35.4,26.5,68.7,36.1,12.0,68.3,57.8,88.0,100.0,,,,,,%
E14000954,36.3,36.1,37.1,20.0,12.7,,72.8,87.3,78.0,2.1,,,2.3,,%
E14000955,19.0,40.8,34.8,39.5,21.6,42.6,65.2,78.4,57.4,6.8,,,7.1,,%
E14000956,26.7,31.8,15.9,33.4,20.3,38.8,82.4,79.7,61.2,2.3,42.4,19.3,2.3,,%
E14000957,34.3,45.0,67.8,41.0,23.8,31.2,32.2,76.2,89.6,3.1,,10.2,3.2,,%
E14000958,34.3,36.2,60.8,43.7,17.5,,53.9,82.5,64.6,3.3,,,3.6,,%
E14000959,47.5,34.3,26.8,33.3,19.7,37.1,73.2,80.3,62.9,3.7,,,3.4,,%
E14000960,26.8,27.4,44.5,37.2,12.4,42.9,68.3,87.6,48.5,1.3,,,2.4,,%
E14000961,,38.4,,31.1,13.5,29.6,76.6,86.5,100.0,2.9,,21.3,3.1,,%
E14000962,17.3,40.4,44.5,39.1,15.8,50.6,100.0,84.2,68.8,4.2,,16.7,4.3,,%
E14000963,24.6,37.7,44.5,30.8,23.8,31.1,55.5,76.2,87.2,5.0,51.4,19.2,5.2,,%
E14000964,31.5,44.6,54.5,34.3,25.9,,55.8,74.1,84.2,7.0,,,7.3,,%
E14000965,24.8,38.2,100.0,60.3,21.3,,,78.7,75.8,4.1,,,4.3,,%
E14000966,25.2,39.7,57.9,36.7,20.4,,42.1,79.6,100.0,5.1,,,5.6,,%
E14000967,20.0,39.4,59.5,50.6,23.2,26.9,40.5,76.8,60.4,3.2,,,2.5,,%
E14000968,23.2,31.5,53.9,43.4,24.3,,50.8,75.7,82.1,3.6,,,3.8,,%
E14000969,32.1,32.4,73.8,28.6,18.7,26.2,75.4,81.3,87.2,11.2,,46.4,10.7,35.1,%
E14000970,11.7,43.2,58.3,40.1,28.6,43.6,41.7,71.4,81.9,7.7,40.8,16.3,7.9,31.3,%
E14000971,20.1,39.1,61.9,40.1,19.4,35.7,38.1,80.6,74.9,1.7,,10.7,1.7,20.0,%
E14000972,12.2,48.5,100.0,66.8,31.0,74.5,54.7,69.0,51.2,4.0,,,4.2,,%
E14000973,20.8,34.9,75.6,39.0,18.6,,53.1,81.4,100.0,6.3,,,6.4,,%
E14000974,25.4,41.1,46.9,31.7,18.2,16.5,53.1,81.8,100.0,1.5,,,3.1,,%
E14000975,18.0,36.8,41.1,27.0,20.5,49.1,73.5,79.5,100.0,5.7,,,8.3,,%
E14000976,48.7,39.3,66.6,48.2,18.4,,28.4,81.6,79.1,6.3,,,6.4,,%
E14000977,35.4,32.0,58.3,25.0,13.5,41.4,41.7,86.5,100.0,3.9,37.4,19.5,4.3,,%
E14000978,36.5,28.2,79.9,47.7,19.0,54.7,52.6,81.0,80.4,5.4,,,5.8,,%
E14000979,32.0,36.1,50.3,40.2,23.6,,49.7,76.4,70.7,3.9,,,4.0,,%
E14000980,31.0,32.2,50.6,26.5,9.6,18.6,49.4,90.4,100.0,1.7,,11.2,1.8,,%
E14000981,18.5,50.3,36.8,40.2,19.5,45.4,71.4,80.5,54.6,4.4,,,4.7,,%
E14000982,17.6,44.0,100.0,35.2,27.9,42.3,23.2,72.1,88.6,2.0,,,5.0,,%
E14000983,22.8,33.1,45.5,31.2,15.8,40.0,86.2,84.2,63.8,3.4,,,6.2,,%
E14000984,47.8,34.7,95.8,68.9,21.8,38.0,21.1,78.2,100.0,7.6,,,7.7,,%
E14000985,30.7,28.9,45.3,27.7,14.2,38.9,52.9,85.8,100.0,2.2,,,2.3,,%
E14000986,37.1,31.7,82.1,38.7,18.6,32.7,,81.4,100.0,,,,,,%
E14000987,38.6,43.5,80.2,71.5,25.8,65.4,,74.2,52.6,5.6,,,5.4,,%
E14000988,36.5,29.8,51.0,47.3,14.5,,49.0,85.5,65.7,2.2,,,2.9,,%
E14000989,15.8,36.2,52.6,34.3,22.7,,47.4,77.3,79.8,2.5,35.5,12.0,2.4,,%
E14000990,15.1,38.5,52.1,30.0,16.2,23.7,47.9,83.8,79.7,2.6,,30.0,2.8,,%
E14000991,28.2,42.5,59.5,49.7,22.6,60.1,61.9,77.4,39.9,1.9,,,2.8,,%
E14000992,10.7,33.4,47.8,14.5,14.4,24.8,59.3,85.6,100.0,2.5,,19.9,2.6,,%
E14000993,30.8,36.7,71.7,40.2,15.4,,36.4,84.6,81.6,2.5,,,2.7,,%
E14000994,24.7,40.5,84.7,43.3,18.0,26.9,47.0,82.0,82.9,2.0,,,2.0,,%
E14000995,21.9,30.1,61.6,36.4,19.2,12.5,38.4,80.8,87.0,5.4,39.2,16.7,5.3,21.0,%
E14000996,41.8,34.7,92.6,60.6,19.0,,25.7,81.0,100.0,2.8,,,3.4,,%
E14000997,12.8,39.6,51.0,33.8,19.6,46.3,49.0,80.4,100.0,,,,,,%
E14000998,31.9,19.5,43.8,19.1,13.3,25.3,56.2,86.7,100.0,2.8,,,2.9,,%
E14000999,13.9,48.4,46.4,27.3,22.7,15.2,53.6,77.3,84.8,1.6,,5.5,1.5,,%
E14001000,38.2,43.0,87.5,40.3,20.7,,84.2,79.3,92.0,4.3,,,4.7,,%
E14001001,12.9,38.2,37.0,39.4,18.1,50.8,63.0,81.9,58.4,1.5,,,1.6,,%
E14001002,26.7,28.4,79.3,37.5,24.0,30.6,,76.0,60.4,3.2,,,3.3,,%
E14001003,36.9,40.2,58.5,37.0,21.2,25.4,44.0,78.8,72.2,3.0,,,2.9,,%
E14001004,34.7,30.9,36.3,19.2,10.4,,63.7,89.6,100.0,4.0,,,4.3,,%
E14001005,42.2,34.5,93.5,62.9,19.9,53.5,22.7,80.1,78.5,3.0,,29.7,3.1,25.1,%
E14001006,13.5,38.6,55.5,49.4,22.6,45.1,44.5,77.4,54.9,1.3,51.8,20.4,3.5,,%
E14001007,23.4,31.7,48.0,34.7,18.7,27.7,52.0,81.3,80.3,13.4,64.2,43.9,13.9,,%
E14001008,46.9,27.4,39.9,59.4,18.2,,60.1,81.8,80.8,4.2,,,4.3,,%
E14001009,37.1,39.8,76.1,53.5,19.9,38.4,40.6,80.1,78.0,5.0,,,5.1,,%
E14001010,16.6,30.3,100.0,59.7,6.9,56.3,,93.1,55.4,2.1,,,2.2,,%
E14001011,11.2,48.3,68.9,49.4,30.8,62.6,,69.2,100.0,14.2,,,14.7,,%
E14001012,23.7,39.2,70.6,21.8,18.5,23.9,38.2,81.5,100.0,7.0,,26.8,7.3,30.6,%
E14001013,41.3,37.9,100.0,80.2,30.3,58.5,,69.7,58.9,5.0,,77.9,5.2,77.9,%
E14001014,18.1,57.6,88.2,70.4,40.9,21.5,34.4,59.1,61.9,4.9,62.5,27.7,5.2,,%
E14001015,29.4,35.0,32.9,42.2,18.8,34.5,77.9,81.2,69.1,2.0,,,,,%
E14001016,22.7,36.0,41.7,25.7,23.8,,58.3,76.2,85.1,6.4,,,6.7,,%
E14001017,18.8,36.3,50.3,27.0,16.3,,47.5,83.7,87.6,3.8,,,3.8,,%
E14001018,30.2,34.4,46.5,36.3,18.5,27.1,53.5,81.5,72.9,1.3,35.6,21.4,1.3,,%
E14001019,32.4,29.8,86.2,49.1,19.4,36.6,45.5,80.6,63.4,6.2,,13.5,6.5,,%
E14001020,20.6,43.4,37.9,23.1,22.9,,62.1,77.1,100.0,4.7,53.8,20.4,4.7,,%
E14001021,23.4,31.7,100.0,27.2,16.8,41.4,21.1,83.2,77.6,2.9,,28.3,3.0,,%
E14001022,27.4,41.7,56.0,44.6,18.4,,44.0,81.6,100.0,3.9,,,4.1,,%
E14001023,28.7,35.4,68.1,46.1,20.6,,31.9,79.4,66.0,3.0,,24.4,3.4,,%
E14001024,22.7,30.2,53.1,20.0,17.2,,72.5,82.8,93.6,3.5,,15.0,2.9,19.0,%
E14001025,28.0,38.5,46.6,30.3,20.1,26.5,53.4,79.9,100.0,3.1,,,3.3,,%
E14001026,31.2,44.3,58.0,35.9,20.1,,67.6,79.9,74.5,3.4,,,3.7,,%
E14001027,22.4,34.3,34.1,42.4,21.5,,65.9,78.5,70.6,4.0,,,4.2,,%
E14001028,16.6,48.2,100.0,47.3,30.9,19.0,35.1,69.1,88.1,2.9,,17.8,2.9,,%
E14001029,13.8,39.6,,24.4,23.6,,82.1,76.4,100.0,8.1,,28.9,8.6,,%
E14001030,16.1,51.7,51.4,29.0,36.5,19.3,48.6,63.5,100.0,8.0,,19.2,8.0,,%
E14001031,30.3,45.8,50.9,41.4,20.5,66.3,49.1,79.5,71.2,2.7,,22.6,2.9,,%
E14001032,44.3,27.5,100.0,46.8,24.1,38.7,,75.9,61.3,4.1,,,4.1,,%
E14001033,19.6,40.9,48.3,37.5,22.4,32.8,51.7,77.6,70.2,6.6,,,7.0,,%
E14001034,19.3,41.8,72.0,32.1,20.6,,64.7,79.4,100.0,8.5,,,8.9,,%
E14001035,20.7,34.8,40.4,65.9,11.2,75.4,100.0,88.8,100.0,8.3,,15.9,8.8,,%
E14001036,22.8,35.8,50.2,100.0,24.3,74.2,49.8,75.7,29.7,6.9,,,3.5,,%
E14001037,36.6,38.2,45.9,40.0,14.8,17.2,54.1,85.2,75.9,2.1,,,2.2,,%
E14001038,32.3,34.4,38.1,16.2,11.6,,61.9,88.4,95.2,6.1,,15.5,6.3,18.2,%
E14001039,21.1,41.2,100.0,42.1,25.0,33.0,53.1,75.0,82.4,4.9,,17.3,5.0,,%
E14001040,49.5,38.0,92.2,59.2,24.0,39.0,21.2,76.0,61.0,7.2,53.4,46.4,7.6,50.0,%
E14001041,46.5,28.9,53.5,49.1,19.2,40.2,46.5,80.8,61.5,,,,,,%
E14001042,38.1,32.6,74.7,41.2,18.3,21.4,25.3,81.7,78.6,2.8,50.6,8.3,2.6,16.4,%
E14001043,18.4,46.4,54.8,42.0,25.8,30.5,58.4,74.2,100.0,1.7,,,3.7,,%
E14001044,30.7,45.0,45.4,28.1,25.8,,78.2,74.2,100.0,6.6,,58.5,6.9,,%
E14001045,26.8,44.9,85.2,47.4,18.9,,38.3,81.1,66.9,3.8,,,4.1,,%
E14001046,31.4,27.7,59.0,48.6,14.3,,41.0,85.7,76.9,2.7,,,3.1,,%
E14001047,31.7,31.0,70.4,33.6,12.3,27.7,37.3,87.7,100.0,2.6,,,2.6,,%
E14001048,28.9,28.4,52.4,49.2,16.9,45.0,47.6,83.1,55.0,1.4,,,2.0,,%
E14001049,14.3,45.2,56.5,38.9,23.3,,43.5,76.7,80.5,9.6,,72.4,10.0,,%
E14001050,30.2,42.4,76.2,55.1,24.6,53.8,56.6,75.4,78.7,7.2,75.3,41.9,7.4,,%
E14001051,31.3,48.0,89.7,74.1,29.4,,43.4,70.6,100.0,4.8,,,5.1,,%
E14001052,33.3,29.7,54.0,38.4,13.6,,35.8,86.4,100.0,5.0,,,6.1,,%
E14001053,20.5,37.9,36.7,31.6,20.0,27.1,63.3,80.0,74.7,5.3,,,4.3,,%
E14001054,36.3,38.0,67.0,39.0,25.9,40.8,33.0,74.1,89.0,13.7,70.5,37.4,14.0,,%
E14001055,19.1,39.1,71.5,57.6,23.6,68.3,56.9,76.4,58.5,6.2,,,6.7,,%
E14001056,36.3,32.1,89.8,71.5,20.5,42.7,53.0,79.5,73.8,4.5,,37.4,4.7,,%
E14001057,51.4,45.1,100.0,72.8,21.7,32.6,42.8,78.3,67.4,2.7,,,2.9,,%
E14001058,25.5,41.1,100.0,24.6,19.2,,57.5,80.8,81.2,5.0,,,5.2,,%
E14001059,19.1,29.9,69.4,19.2,18.0,,86.8,82.0,87.5,4.2,53.4,27.2,4.3,,%
E14001060,10.7,44.1,47.0,23.0,22.9,,53.0,77.1,100.0,4.0,,,4.2,,%
E14001061,52.0,31.1,78.4,42.6,15.7,33.2,37.5,84.3,66.8,0.9,,,1.1,,%
E14001062,15.0,37.8,39.2,28.5,18.8,20.9,60.8,81.2,79.1,5.5,,15.7,5.4,,%
