quarter_index,lms_period,age_16_to_17_not_in_ft_education_in_employment_sa,age_18_to_24_not_in_ft_education_in_employment_sa,age_16_to_24_not_in_ft_education_in_employment_sa,men_16_to_24_not_in_ft_education_in_employment_sa,women_16_to_24_not_in_ft_education_in_employment_sa,age_16_to_24_in_ft_education_in_employment_sa,age_16_to_17_not_in_ft_education_unemployed_sa,age_18_to_24_not_in_ft_education_unemployed_sa,age_16_to_24_not_in_ft_education_unemployed_sa,men_16_to_24_not_in_ft_education_unemployed_sa,women_16_to_24_not_in_ft_education_unemployed_sa,age_16_to_24_in_ft_education_unemployed_sa,age_16_to_17_not_in_ft_education_economically_inactive_sa,age_18_to_24_not_in_ft_education_economically_inactive_sa,age_16_to_24_not_in_ft_education_economically_inactive_sa,men_16_to_24_not_in_ft_education_economically_inactive_sa,women_16_to_24_not_in_ft_education_economically_inactive_sa,age_16_to_24_in_ft_education_economically_inactive_sa,age_16_to_24_employment_rate_sa,age_16_to_17_not_in_ft_education_employment_rate_sa,age_18_to_24_not_in_ft_education_employment_rate_sa,age_16_to_24_not_in_ft_education_employment_rate_sa,men_16_to_24_not_in_ft_education_employment_rate_sa,women_16_to_24_not_in_ft_education_employment_rate_sa,age_16_to_24_in_ft_education_employment_rate_sa,age_16_to_17_not_in_ft_education_unemployment_rate_sa,age_18_to_24_not_in_ft_education_unemployment_rate_sa,age_16_to_24_not_in_ft_education_unemployment_rate_sa,men_16_to_24_not_in_ft_education_unemployment_rate_sa,women_16_to_24_not_in_ft_education_unemployment_rate_sa,age_16_to_24_in_ft_education_unemployment_rate_sa,age_16_to_24_economic_inactivity_rate_sa,age_16_to_17_not_in_ft_education_economic_inactivity_rate_sa,age_18_to_24_not_in_ft_education_economic_inactivity_rate_sa,age_16_to_24_not_in_ft_education_economic_inactivity_rate_sa,men_16_to_24_not_in_ft_education_economic_inactivity_rate_sa,women_16_to_24_not_in_ft_education_economic_inactivity_rate_sa,age_16_to_24_in_ft_education_economic_inactivity_rate_sa,age_16_to_24_total_sa,age_16_to_24_in_ft_education_total_sa,age_16_to_17_not_in_ft_education_total_sa,age_18_to_24_not_in_ft_education_total_sa,age_16_to_24_not_in_ft_education_total_sa,men_16_to_24_not_in_ft_education_total_sa,women_16_to_24_not_in_ft_education_total_sa,unemployment_rate_sa,economic_inactivity_rate_sa,age_16_to_24_in_employment_sa,age_16_to_24_unemployed_sa,age_16_to_24_economically_inactive_sa,age_16_to_24_unemployment_rate_sa,quarter_label,quarter_axis_label
0,2000-02-01,251.0,2756.0,3006.0,1638.0,1369.0,925.0,78.0,335.0,413.0,241.0,171.0,169.0,60.0,506.0,565.0,146.0,419.0,1183.0,62.8,64.6,76.6,75.5,80.9,69.9,40.6,23.7,10.8,12.1,12.8,11.1,15.4,27.9,15.3,14.1,14.2,7.2,21.4,52.0,6260.0,2276.0,388.0,3596.0,3984.0,2025.0,1959.0,5.9,23.2,3931.0,581.0,1748.0,12.9,Jan-Mar 2000,Jan-Mar\n2000
1,2000-05-01,242.0,2723.0,2965.0,1612.0,1353.0,955.0,76.0,330.0,406.0,249.0,157.0,146.0,61.0,503.0,564.0,156.0,408.0,1228.0,62.6,63.8,76.6,75.4,80.0,70.5,41.0,24.0,10.8,12.0,13.4,10.4,13.3,28.6,16.0,14.1,14.3,7.7,21.3,52.7,6264.0,2330.0,379.0,3556.0,3935.0,2016.0,1918.0,5.6,23.3,3921.0,552.0,1792.0,12.3,Apr-Jun 2000,Apr-Jun\n2000
2,2000-08-01,234.0,2755.0,2989.0,1626.0,1363.0,956.0,85.0,316.0,401.0,231.0,170.0,145.0,64.0,503.0,567.0,166.0,400.0,1228.0,62.8,61.1,77.1,75.5,80.4,70.5,41.0,26.6,10.3,11.8,12.4,11.1,13.1,28.6,16.8,14.1,14.3,8.2,20.7,52.7,6285.0,2329.0,383.0,3573.0,3956.0,2023.0,1933.0,5.4,23.2,3945.0,545.0,1795.0,12.1,Jul-Sep 2000,Jul-Sep\n2000
3,2000-11-01,233.0,2744.0,2977.0,1625.0,1352.0,927.0,77.0,318.0,395.0,236.0,159.0,154.0,59.0,515.0,575.0,152.0,422.0,1288.0,61.8,63.1,76.7,75.4,80.7,69.9,39.1,24.9,10.4,11.7,12.7,10.5,14.2,29.5,16.0,14.4,14.6,7.6,21.9,54.4,6314.0,2368.0,369.0,3577.0,3946.0,2013.0,1933.0,5.3,23.5,3903.0,548.0,1863.0,12.3,Oct-Dec 2000,Oct-Dec\n2000
4,2001-02-01,245.0,2744.0,2989.0,1628.0,1361.0,953.0,80.0,322.0,402.0,248.0,154.0,134.0,62.0,519.0,581.0,160.0,421.0,1285.0,62.1,63.3,76.5,75.3,80.0,70.3,40.2,24.7,10.5,11.8,13.2,10.2,12.4,29.4,16.0,14.5,14.6,7.8,21.8,54.2,6344.0,2373.0,386.0,3585.0,3971.0,2035.0,1936.0,5.1,23.4,3942.0,536.0,1866.0,12.0,Jan-Mar 2001,Jan-Mar\n2001
5,2001-05-01,247.0,2796.0,3044.0,1654.0,1390.0,952.0,79.0,314.0,393.0,242.0,151.0,134.0,72.0,491.0,563.0,151.0,412.0,1287.0,62.7,62.1,77.6,76.1,80.8,71.1,40.1,24.3,10.1,11.4,12.8,9.8,12.4,29.0,18.0,13.6,14.1,7.4,21.1,54.2,6373.0,2373.0,399.0,3601.0,4000.0,2046.0,1954.0,5.1,23.4,3996.0,527.0,1850.0,11.7,Apr-Jun 2001,Apr-Jun\n2001
6,2001-08-01,248.0,2783.0,3030.0,1651.0,1380.0,962.0,81.0,311.0,392.0,255.0,137.0,150.0,57.0,513.0,569.0,140.0,430.0,1299.0,62.4,64.3,77.2,75.9,80.7,70.9,39.9,24.6,10.0,11.4,13.4,9.0,13.4,29.2,14.7,14.2,14.3,6.8,22.1,53.9,6403.0,2411.0,385.0,3606.0,3991.0,2045.0,1946.0,5.1,23.5,3993.0,541.0,1869.0,11.9,Jul-Sep 2001,Jul-Sep\n2001
7,2001-11-01,260.0,2817.0,3077.0,1646.0,1431.0,951.0,84.0,350.0,434.0,269.0,165.0,134.0,66.0,489.0,555.0,150.0,405.0,1287.0,62.6,63.4,77.0,75.7,79.7,71.5,40.1,24.4,11.1,12.4,14.0,10.3,12.3,28.6,16.1,13.4,13.7,7.3,20.2,54.3,6438.0,2372.0,410.0,3657.0,4066.0,2065.0,2001.0,5.2,23.4,4028.0,568.0,1842.0,12.4,Oct-Dec 2001,Oct-Dec\n2001
8,2002-02-01,234.0,2843.0,3077.0,1649.0,1429.0,942.0,85.0,348.0,433.0,269.0,164.0,128.0,74.0,510.0,584.0,165.0,419.0,1308.0,62.1,59.6,76.8,75.2,79.2,71.0,39.6,26.6,10.9,12.3,14.0,10.3,12.0,29.2,18.9,13.8,14.3,7.9,20.8,55.0,6473.0,2379.0,393.0,3702.0,4095.0,2083.0,2012.0,5.2,23.6,4019.0,562.0,1892.0,12.3,Jan-Mar 2002,Jan-Mar\n2002
9,2002-05-01,225.0,2867.0,3093.0,1648.0,1444.0,953.0,87.0,329.0,416.0,265.0,151.0,133.0,70.0,534.0,604.0,174.0,429.0,1310.0,62.2,59.0,76.9,75.2,79.0,71.3,39.8,27.8,10.3,11.9,13.8,9.5,12.2,29.4,18.3,14.3,14.7,8.4,21.2,54.7,6509.0,2397.0,382.0,3730.0,4112.0,2088.0,2025.0,5.2,23.3,4046.0,549.0,1914.0,11.9,Apr-Jun 2002,Apr-Jun\n2002
10,2002-08-01,227.0,2860.0,3087.0,1634.0,1452.0,955.0,85.0,327.0,413.0,260.0,153.0,149.0,79.0,539.0,618.0,189.0,429.0,1323.0,61.8,57.9,76.8,75.0,78.4,71.4,39.3,27.4,10.3,11.8,13.7,9.5,13.5,29.7,20.3,14.5,15.0,9.1,21.1,54.5,6544.0,2427.0,392.0,3726.0,4117.0,2083.0,2034.0,5.4,23.3,4041.0,561.0,1942.0,12.2,Jul-Sep 2002,Jul-Sep\n2002
11,2002-11-01,223.0,2858.0,3080.0,1666.0,1414.0,1003.0,93.0,318.0,411.0,260.0,151.0,159.0,74.0,539.0,612.0,169.0,443.0,1315.0,62.0,57.1,76.9,75.1,79.5,70.4,40.5,29.6,10.0,11.8,13.5,9.7,13.7,29.3,18.9,14.5,14.9,8.1,22.1,53.1,6580.0,2476.0,390.0,3714.0,4104.0,2095.0,2009.0,5.2,23.2,4083.0,570.0,1927.0,12.3,Oct-Dec 2002,Oct-Dec\n2002
12,2003-02-01,238.0,2821.0,3060.0,1658.0,1401.0,988.0,95.0,352.0,447.0,277.0,170.0,146.0,80.0,552.0,632.0,180.0,452.0,1343.0,61.2,57.7,75.7,73.9,78.4,69.3,39.9,28.4,11.1,12.7,14.3,10.8,12.9,29.9,19.4,14.8,15.3,8.5,22.3,54.2,6615.0,2477.0,413.0,3725.0,4139.0,2116.0,2022.0,5.2,23.3,4047.0,593.0,1975.0,12.8,Jan-Mar 2003,Jan-Mar\n2003
13,2003-05-01,240.0,2840.0,3081.0,1684.0,1397.0,962.0,94.0,329.0,423.0,259.0,164.0,152.0,83.0,565.0,648.0,180.0,468.0,1385.0,60.8,57.5,76.1,74.2,79.3,68.9,38.5,28.2,10.4,12.1,13.3,10.5,13.6,30.6,19.9,15.1,15.6,8.5,23.1,55.4,6651.0,2500.0,417.0,3734.0,4151.0,2123.0,2029.0,5.0,23.3,4043.0,575.0,2033.0,12.4,Apr-Jun 2003,Apr-Jun\n2003
14,2003-08-01,252.0,2880.0,3131.0,1710.0,1421.0,941.0,90.0,330.0,420.0,261.0,159.0,158.0,89.0,560.0,649.0,190.0,460.0,1387.0,60.9,58.4,76.4,74.5,79.1,69.7,37.9,26.3,10.3,11.8,13.3,10.0,14.4,30.5,20.7,14.9,15.5,8.8,22.5,55.8,6687.0,2486.0,431.0,3770.0,4201.0,2161.0,2040.0,5.1,23.3,4073.0,578.0,2036.0,12.4,Jul-Sep 2003,Jul-Sep\n2003
15,2003-11-01,251.0,2910.0,3161.0,1715.0,1446.0,958.0,87.0,319.0,406.0,254.0,152.0,145.0,75.0,573.0,648.0,185.0,463.0,1405.0,61.3,60.7,76.5,75.0,79.6,70.2,38.2,25.8,9.9,11.4,12.9,9.5,13.2,30.5,18.2,15.1,15.4,8.6,22.5,56.0,6724.0,2509.0,413.0,3802.0,4215.0,2153.0,2061.0,4.9,23.5,4119.0,551.0,2054.0,11.8,Oct-Dec 2003,Oct-Dec\n2003
16,2004-02-01,234.0,2955.0,3189.0,1724.0,1465.0,977.0,85.0,320.0,405.0,250.0,155.0,167.0,74.0,545.0,619.0,176.0,443.0,1404.0,61.6,59.6,77.3,75.7,80.2,71.0,38.4,26.6,9.8,11.3,12.7,9.6,14.6,29.9,18.8,14.3,14.7,8.2,21.5,55.1,6760.0,2547.0,393.0,3820.0,4213.0,2150.0,2063.0,4.8,23.2,4166.0,572.0,2023.0,12.1,Jan-Mar 2004,Jan-Mar\n2004
17,2004-05-01,221.0,2948.0,3169.0,1722.0,1447.0,980.0,84.0,326.0,410.0,248.0,162.0,163.0,83.0,570.0,653.0,179.0,474.0,1422.0,61.0,56.9,76.7,74.9,80.1,69.5,38.2,27.4,10.0,11.5,12.6,10.1,14.2,30.5,21.5,14.8,15.4,8.3,22.8,55.4,6797.0,2565.0,388.0,3844.0,4232.0,2149.0,2083.0,4.9,23.4,4149.0,572.0,2075.0,12.1,Apr-Jun 2004,Apr-Jun\n2004
18,2004-08-01,229.0,2945.0,3174.0,1716.0,1458.0,979.0,100.0,342.0,442.0,262.0,180.0,145.0,77.0,591.0,668.0,196.0,472.0,1420.0,60.8,56.4,75.9,74.1,78.9,69.1,38.5,30.4,10.4,12.2,13.2,11.0,12.9,30.6,19.0,15.2,15.6,9.0,22.4,55.8,6829.0,2545.0,406.0,3878.0,4284.0,2174.0,2111.0,4.7,23.5,4153.0,588.0,2089.0,12.4,Jul-Sep 2004,Jul-Sep\n2004
19,2004-11-01,222.0,2947.0,3169.0,1722.0,1447.0,999.0,90.0,353.0,443.0,268.0,175.0,152.0,85.0,590.0,675.0,206.0,469.0,1422.0,60.8,56.0,75.8,73.9,78.4,69.2,38.8,28.8,10.7,12.3,13.5,10.8,13.2,30.6,21.4,15.2,15.7,9.4,22.4,55.3,6859.0,2573.0,396.0,3890.0,4286.0,2196.0,2091.0,4.8,23.3,4168.0,594.0,2096.0,12.5,Oct-Dec 2004,Oct-Dec\n2004
20,2005-02-01,230.0,2955.0,3185.0,1727.0,1459.0,977.0,89.0,340.0,429.0,265.0,164.0,155.0,88.0,591.0,678.0,203.0,475.0,1465.0,60.4,56.6,76.1,74.2,78.7,69.5,37.6,27.9,10.3,11.9,13.3,10.1,13.7,31.1,21.5,15.2,15.8,9.2,22.7,56.4,6889.0,2596.0,407.0,3885.0,4292.0,2195.0,2097.0,4.7,23.3,4162.0,584.0,2143.0,12.3,Jan-Mar 2005,Jan-Mar\n2005
21,2005-05-01,220.0,2945.0,3165.0,1720.0,1445.0,977.0,88.0,360.0,448.0,275.0,173.0,159.0,91.0,609.0,700.0,219.0,481.0,1470.0,59.9,55.1,75.2,73.4,77.7,68.8,37.5,28.6,10.9,12.4,13.8,10.7,14.0,31.4,22.9,15.6,16.2,9.9,22.9,56.4,6919.0,2606.0,399.0,3914.0,4313.0,2213.0,2100.0,4.8,23.4,4142.0,607.0,2170.0,12.8,Apr-Jun 2005,Apr-Jun\n2005
22,2005-08-01,204.0,2949.0,3153.0,1694.0,1459.0,973.0,90.0,366.0,457.0,292.0,165.0,146.0,96.0,598.0,694.0,222.0,472.0,1522.0,59.4,52.3,75.4,73.3,76.7,69.6,36.8,30.7,11.0,12.6,14.7,10.2,13.1,31.9,24.6,15.3,16.1,10.1,22.5,57.6,6944.0,2641.0,391.0,3913.0,4303.0,2208.0,2096.0,4.8,23.3,4126.0,603.0,2216.0,12.7,Jul-Sep 2005,Jul-Sep\n2005
23,2005-11-01,180.0,2933.0,3113.0,1676.0,1437.0,938.0,92.0,396.0,488.0,305.0,183.0,168.0,101.0,618.0,720.0,227.0,492.0,1542.0,58.1,48.3,74.3,72.1,75.9,68.1,35.4,33.8,11.9,13.5,15.4,11.3,15.2,32.4,27.1,15.7,16.7,10.3,23.3,58.2,6968.0,2647.0,373.0,3948.0,4321.0,2209.0,2112.0,5.2,23.3,4051.0,656.0,2261.0,13.9,Oct-Dec 2005,Oct-Dec\n2005
24,2006-02-01,183.0,2969.0,3152.0,1686.0,1466.0,968.0,84.0,382.0,466.0,289.0,177.0,185.0,97.0,627.0,724.0,236.0,488.0,1498.0,58.9,50.3,74.6,72.6,76.3,68.8,36.5,31.4,11.4,12.9,14.6,10.8,16.0,31.8,26.6,15.8,16.7,10.7,22.9,56.5,6992.0,2651.0,363.0,3978.0,4342.0,2211.0,2131.0,5.3,23.0,4120.0,651.0,2222.0,13.6,Jan-Mar 2006,Jan-Mar\n2006
25,2006-05-01,180.0,2952.0,3132.0,1672.0,1460.0,992.0,80.0,426.0,506.0,311.0,195.0,181.0,106.0,606.0,711.0,241.0,470.0,1494.0,58.8,49.1,74.1,72.0,75.2,68.7,37.2,30.9,12.6,13.9,15.7,11.8,15.5,31.4,28.9,15.2,16.4,10.9,22.1,56.0,7016.0,2667.0,365.0,3984.0,4349.0,2224.0,2125.0,5.5,22.9,4124.0,688.0,2205.0,14.3,Apr-Jun 2006,Apr-Jun\n2006
26,2006-08-01,179.0,2987.0,3166.0,1715.0,1450.0,982.0,88.0,428.0,517.0,313.0,204.0,176.0,96.0,602.0,698.0,214.0,484.0,1508.0,58.9,49.3,74.3,72.3,76.5,67.8,36.8,33.0,12.5,14.0,15.4,12.3,15.2,31.3,26.4,15.0,15.9,9.5,22.6,56.6,7046.0,2665.0,363.0,4018.0,4381.0,2242.0,2138.0,5.6,22.9,4147.0,693.0,2206.0,14.3,Jul-Sep 2006,Jul-Sep\n2006
27,2006-11-01,191.0,2979.0,3169.0,1701.0,1468.0,995.0,76.0,407.0,483.0,291.0,192.0,203.0,103.0,634.0,738.0,252.0,485.0,1490.0,58.8,51.5,74.1,72.2,75.8,68.4,37.0,28.6,12.0,13.2,14.6,11.6,17.0,31.5,27.9,15.8,16.8,11.3,22.6,55.4,7078.0,2689.0,370.0,4020.0,4390.0,2244.0,2146.0,5.6,23.0,4165.0,686.0,2227.0,14.1,Oct-Dec 2006,Oct-Dec\n2006
28,2007-02-01,192.0,3004.0,3196.0,1723.0,1473.0,939.0,88.0,427.0,515.0,312.0,202.0,187.0,92.0,626.0,718.0,228.0,490.0,1555.0,58.2,51.7,74.0,72.2,76.1,68.0,35.0,31.3,12.4,13.9,15.3,12.1,16.6,32.0,24.7,15.4,16.2,10.1,22.6,58.0,7111.0,2682.0,371.0,4057.0,4429.0,2263.0,2166.0,5.6,23.2,4136.0,702.0,2273.0,14.5,Jan-Mar 2007,Jan-Mar\n2007
29,2007-05-01,175.0,2988.0,3163.0,1711.0,1452.0,942.0,86.0,427.0,514.0,313.0,200.0,194.0,84.0,632.0,716.0,232.0,484.0,1615.0,57.5,50.7,73.8,72.0,75.8,68.0,34.2,33.1,12.5,14.0,15.5,12.1,17.1,32.6,24.3,15.6,16.3,10.3,22.7,58.7,7143.0,2750.0,345.0,4048.0,4393.0,2256.0,2137.0,5.4,23.2,4105.0,707.0,2331.0,14.7,Apr-Jun 2007,Apr-Jun\n2007
30,2007-08-01,187.0,2994.0,3181.0,1705.0,1476.0,950.0,81.0,400.0,481.0,295.0,186.0,219.0,93.0,628.0,721.0,235.0,486.0,1616.0,57.6,51.8,74.4,72.6,76.3,68.7,34.1,30.1,11.8,13.1,14.7,11.2,18.7,32.6,25.8,15.6,16.4,10.5,22.6,58.0,7167.0,2784.0,361.0,4022.0,4383.0,2235.0,2148.0,5.4,23.2,4131.0,699.0,2337.0,14.5,Jul-Sep 2007,Jul-Sep\n2007
31,2007-11-01,190.0,3033.0,3223.0,1727.0,1497.0,955.0,80.0,400.0,480.0,291.0,189.0,193.0,98.0,602.0,700.0,231.0,469.0,1635.0,58.1,51.6,75.2,73.2,76.8,69.5,34.3,29.6,11.6,13.0,14.4,11.2,16.8,32.5,26.7,14.9,15.9,10.3,21.8,58.8,7186.0,2783.0,368.0,4035.0,4403.0,2249.0,2154.0,5.2,23.1,4178.0,673.0,2335.0,13.9,Oct-Dec 2007,Oct-Dec\n2007
32,2008-02-01,186.0,3004.0,3190.0,1717.0,1472.0,984.0,69.0,410.0,479.0,295.0,185.0,198.0,98.0,614.0,712.0,226.0,486.0,1642.0,57.9,52.6,74.6,72.8,76.7,68.7,34.9,27.2,12.0,13.1,14.6,11.1,16.7,32.7,27.8,15.2,16.3,10.1,22.7,58.1,7205.0,2824.0,353.0,4028.0,4381.0,2238.0,2143.0,5.3,23.0,4174.0,677.0,2354.0,14.0,Jan-Mar 2008,Jan-Mar\n2008
33,2008-05-01,180.0,2985.0,3165.0,1690.0,1475.0,968.0,78.0,424.0,502.0,309.0,194.0,203.0,94.0,621.0,715.0,230.0,485.0,1671.0,57.2,51.1,74.1,72.2,75.8,68.5,34.1,30.3,12.4,13.7,15.5,11.6,17.3,33.0,26.7,15.4,16.3,10.3,22.5,58.8,7224.0,2841.0,352.0,4031.0,4383.0,2229.0,2154.0,5.4,22.9,4133.0,705.0,2386.0,14.6,Apr-Jun 2008,Apr-Jun\n2008
34,2008-08-01,177.0,2985.0,3161.0,1693.0,1469.0,935.0,84.0,454.0,539.0,339.0,200.0,215.0,86.0,621.0,707.0,213.0,494.0,1677.0,56.6,51.0,73.5,71.7,75.4,67.9,33.1,32.2,13.2,14.6,16.7,12.0,18.7,33.0,24.8,15.3,16.0,9.5,22.8,59.3,7234.0,2828.0,347.0,4060.0,4407.0,2244.0,2163.0,5.9,23.0,4097.0,753.0,2384.0,15.5,Jul-Sep 2008,Jul-Sep\n2008
35,2008-11-01,161.0,2921.0,3081.0,1650.0,1432.0,950.0,80.0,503.0,583.0,364.0,219.0,215.0,83.0,580.0,663.0,175.0,488.0,1747.0,55.7,49.6,73.0,71.2,75.4,66.9,32.6,33.2,14.7,15.9,18.1,13.3,18.5,33.3,25.6,14.5,15.3,8.0,22.8,60.0,7240.0,2913.0,323.0,4004.0,4327.0,2188.0,2139.0,6.4,22.9,4032.0,798.0,2410.0,16.5,Oct-Dec 2008,Oct-Dec\n2008
36,2009-02-01,145.0,2858.0,3002.0,1589.0,1413.0,912.0,77.0,565.0,642.0,396.0,247.0,222.0,82.0,608.0,691.0,218.0,473.0,1777.0,54.0,47.6,70.9,69.3,72.1,66.3,31.3,34.7,16.5,17.6,19.9,14.9,19.6,34.1,27.1,15.1,15.9,9.9,22.2,61.1,7245.0,2910.0,304.0,4031.0,4335.0,2203.0,2132.0,7.2,22.8,3914.0,864.0,2467.0,18.1,Jan-Mar 2009,Jan-Mar\n2009
37,2009-05-01,122.0,2811.0,2932.0,1540.0,1392.0,878.0,71.0,595.0,666.0,409.0,257.0,250.0,100.0,626.0,726.0,238.0,488.0,1798.0,52.6,41.6,69.7,67.8,70.4,65.2,30.0,36.8,17.5,18.5,21.0,15.6,22.2,34.8,34.1,15.5,16.8,10.9,22.8,61.4,7251.0,2927.0,293.0,4031.0,4324.0,2187.0,2137.0,7.9,23.1,3811.0,916.0,2524.0,19.4,Apr-Jun 2009,Apr-Jun\n2009
38,2009-08-01,107.0,2719.0,2826.0,1482.0,1343.0,900.0,55.0,601.0,657.0,405.0,252.0,277.0,81.0,638.0,719.0,233.0,486.0,1885.0,51.3,43.8,68.7,67.3,69.9,64.6,29.4,34.2,18.1,18.9,21.5,15.8,23.5,35.8,33.5,16.1,17.1,11.0,23.3,61.6,7263.0,3061.0,243.0,3958.0,4202.0,2121.0,2081.0,8.0,23.3,3726.0,933.0,2604.0,20.0,Jul-Sep 2009,Jul-Sep\n2009
39,2009-11-01,103.0,2696.0,2798.0,1461.0,1337.0,913.0,67.0,565.0,632.0,391.0,240.0,269.0,81.0,617.0,697.0,205.0,492.0,1968.0,51.0,41.0,69.5,67.8,71.0,64.6,29.0,39.4,17.3,18.4,21.1,15.2,22.7,36.6,32.4,15.9,16.9,10.0,23.8,62.5,7277.0,3150.0,250.0,3877.0,4127.0,2058.0,2069.0,7.9,23.4,3711.0,900.0,2665.0,19.5,Oct-Dec 2009,Oct-Dec\n2009
40,2010-02-01,109.0,2676.0,2785.0,1458.0,1327.0,905.0,70.0,591.0,660.0,413.0,247.0,277.0,84.0,649.0,733.0,225.0,508.0,1932.0,50.6,41.4,68.3,66.7,69.6,63.7,29.1,39.0,18.1,19.2,22.1,15.7,23.5,36.5,32.0,16.6,17.5,10.7,24.4,62.0,7292.0,3114.0,262.0,3916.0,4178.0,2096.0,2083.0,8.1,23.6,3690.0,938.0,2665.0,20.3,Jan-Mar 2010,Jan-Mar\n2010
41,2010-05-01,110.0,2707.0,2817.0,1502.0,1315.0,920.0,61.0,564.0,626.0,385.0,241.0,301.0,84.0,616.0,701.0,227.0,474.0,1941.0,51.2,43.0,69.6,68.0,71.0,64.8,29.1,35.8,17.3,18.2,20.4,15.5,24.7,36.2,32.9,15.9,16.9,10.7,23.3,61.4,7306.0,3163.0,256.0,3888.0,4144.0,2115.0,2029.0,8.0,23.5,3737.0,927.0,2642.0,19.9,Apr-Jun 2010,Apr-Jun\n2010
42,2010-08-01,99.0,2768.0,2867.0,1546.0,1321.0,919.0,60.0,582.0,642.0,377.0,265.0,265.0,91.0,643.0,734.0,233.0,500.0,1895.0,51.7,39.6,69.3,67.6,71.7,63.3,29.8,37.7,17.4,18.3,19.6,16.7,22.4,35.9,36.4,16.1,17.3,10.8,24.0,61.6,7322.0,3079.0,249.0,3993.0,4242.0,2156.0,2086.0,7.9,23.2,3786.0,907.0,2629.0,19.3,Jul-Sep 2010,Jul-Sep\n2010
43,2010-11-01,89.0,2719.0,2808.0,1524.0,1284.0,895.0,59.0,619.0,677.0,404.0,273.0,282.0,80.0,661.0,741.0,256.0,485.0,1934.0,50.5,39.1,68.0,66.4,69.8,62.9,28.8,39.6,18.5,19.4,21.0,17.5,24.0,36.5,35.2,16.5,17.5,11.7,23.8,62.2,7337.0,3111.0,228.0,3998.0,4226.0,2185.0,2041.0,8.0,23.5,3703.0,960.0,2675.0,20.6,Oct-Dec 2010,Oct-Dec\n2010
44,2011-02-01,89.0,2764.0,2852.0,1540.0,1312.0,856.0,63.0,587.0,650.0,401.0,249.0,293.0,74.0,625.0,699.0,234.0,465.0,2002.0,50.4,39.4,69.5,67.9,70.8,64.8,27.2,41.5,17.5,18.6,20.6,16.0,25.5,36.7,32.7,15.7,16.6,10.7,22.9,63.5,7352.0,3151.0,225.0,3976.0,4201.0,2174.0,2027.0,8.0,23.4,3709.0,943.0,2701.0,20.3,Jan-Mar 2011,Jan-Mar\n2011
45,2011-05-01,96.0,2769.0,2864.0,1536.0,1328.0,857.0,66.0,611.0,677.0,416.0,261.0,290.0,64.0,617.0,681.0,218.0,462.0,1999.0,50.5,42.4,69.3,67.8,70.8,64.7,27.3,40.8,18.1,19.1,21.3,16.4,25.3,36.4,28.3,15.4,16.1,10.1,22.5,63.5,7368.0,3145.0,226.0,3997.0,4222.0,2171.0,2051.0,8.1,23.3,3722.0,967.0,2679.0,20.6,Apr-Jun 2011,Apr-Jun\n2011
46,2011-08-01,92.0,2707.0,2799.0,1497.0,1301.0,825.0,75.0,663.0,738.0,449.0,289.0,303.0,69.0,617.0,686.0,223.0,463.0,2020.0,49.2,39.0,67.9,66.3,69.0,63.4,26.2,44.8,19.7,20.9,23.1,18.2,26.8,36.7,29.3,15.5,16.3,10.3,22.6,64.2,7370.0,3147.0,236.0,3987.0,4222.0,2169.0,2053.0,8.5,23.4,3624.0,1040.0,2706.0,22.3,Jul-Sep 2011,Jul-Sep\n2011
47,2011-11-01,95.0,2679.0,2774.0,1464.0,1310.0,857.0,62.0,666.0,728.0,457.0,270.0,314.0,79.0,600.0,679.0,226.0,453.0,2015.0,49.3,40.3,67.9,66.4,68.2,64.4,26.9,39.4,19.9,20.8,23.8,17.1,26.8,36.6,33.5,15.2,16.2,10.5,22.3,63.3,7365.0,3185.0,236.0,3945.0,4180.0,2147.0,2033.0,8.6,23.2,3630.0,1042.0,2694.0,22.3,Oct-Dec 2011,Oct-Dec\n2011
48,2012-02-01,91.0,2674.0,2766.0,1455.0,1310.0,884.0,62.0,643.0,705.0,447.0,259.0,321.0,74.0,602.0,676.0,222.0,454.0,2010.0,49.6,40.2,68.2,66.7,68.5,64.8,27.5,40.6,19.4,20.3,23.5,16.5,26.6,36.5,32.3,15.4,16.3,10.4,22.4,62.5,7361.0,3214.0,227.0,3919.0,4147.0,2124.0,2023.0,8.4,23.1,3649.0,1026.0,2685.0,21.9,Jan-Mar 2012,Jan-Mar\n2012
49,2012-05-01,92.0,2719.0,2812.0,1492.0,1320.0,904.0,63.0,648.0,711.0,450.0,262.0,308.0,70.0,612.0,682.0,219.0,464.0,1939.0,50.5,40.9,68.3,66.9,69.1,64.5,28.7,40.7,19.2,20.2,23.2,16.5,25.4,35.6,31.1,15.4,16.2,10.1,22.7,61.5,7356.0,3151.0,225.0,3980.0,4205.0,2160.0,2045.0,8.2,22.8,3715.0,1019.0,2622.0,21.5,Apr-Jun 2012,Apr-Jun\n2012
50,2012-08-01,96.0,2740.0,2836.0,1516.0,1320.0,876.0,50.0,607.0,657.0,403.0,255.0,328.0,68.0,592.0,659.0,209.0,451.0,1991.0,50.5,44.9,69.6,68.3,71.3,65.2,27.4,34.3,18.1,18.8,21.0,16.2,27.3,36.1,31.7,15.0,15.9,9.8,22.2,62.3,7348.0,3195.0,214.0,3939.0,4153.0,2127.0,2026.0,8.0,22.7,3712.0,986.0,2650.0,21.0,Jul-Sep 2012,Jul-Sep\n2012
51,2012-11-01,82.0,2803.0,2885.0,1543.0,1342.0,840.0,45.0,610.0,655.0,393.0,262.0,336.0,69.0,578.0,647.0,218.0,429.0,1975.0,50.8,41.8,70.2,68.9,71.6,66.0,26.6,35.6,17.9,18.5,20.3,16.3,28.6,35.7,35.1,14.5,15.5,10.1,21.1,62.7,7337.0,3151.0,195.0,3991.0,4187.0,2154.0,2033.0,8.0,22.4,3724.0,991.0,2622.0,21.0,Oct-Dec 2012,Oct-Dec\n2012
52,2013-02-01,74.0,2749.0,2823.0,1510.0,1313.0,858.0,52.0,619.0,671.0,394.0,277.0,294.0,70.0,575.0,646.0,218.0,428.0,2034.0,50.2,37.7,69.7,68.2,71.2,65.1,26.9,41.3,18.4,19.2,20.7,17.4,25.5,36.6,35.8,14.6,15.6,10.3,21.2,63.8,7327.0,3187.0,197.0,3944.0,4140.0,2122.0,2019.0,8.1,22.6,3681.0,966.0,2680.0,20.8,Jan-Mar 2013,Jan-Mar\n2013
53,2013-05-01,74.0,2682.0,2756.0,1475.0,1281.0,861.0,49.0,632.0,681.0,413.0,268.0,303.0,68.0,561.0,629.0,219.0,409.0,2088.0,49.4,38.8,69.2,67.8,70.0,65.4,26.5,39.8,19.1,19.8,21.9,17.3,26.0,37.1,35.5,14.5,15.5,10.4,20.9,64.2,7317.0,3252.0,191.0,3874.0,4065.0,2107.0,1958.0,7.9,22.6,3616.0,983.0,2717.0,21.4,Apr-Jun 2013,Apr-Jun\n2013
54,2013-08-01,84.0,2764.0,2848.0,1516.0,1332.0,826.0,42.0,631.0,672.0,404.0,268.0,314.0,62.0,566.0,628.0,208.0,420.0,2020.0,50.3,44.7,69.8,68.7,71.3,65.9,26.1,33.2,18.6,19.1,21.0,16.8,27.6,36.2,33.1,14.3,15.1,9.8,20.8,63.9,7309.0,3160.0,188.0,3961.0,4149.0,2128.0,2021.0,7.8,22.3,3675.0,987.0,2647.0,21.2,Jul-Sep 2013,Jul-Sep\n2013
55,2013-11-01,85.0,2798.0,2883.0,1528.0,1354.0,824.0,50.0,589.0,638.0,397.0,242.0,293.0,71.0,549.0,620.0,219.0,401.0,2044.0,50.8,41.1,71.1,69.6,71.3,67.8,26.1,37.1,17.4,18.1,20.6,15.1,26.2,36.5,34.6,13.9,15.0,10.2,20.1,64.7,7302.0,3161.0,206.0,3936.0,4141.0,2144.0,1997.0,7.4,22.3,3707.0,931.0,2664.0,20.1,Oct-Dec 2013,Oct-Dec\n2013
56,2014-02-01,83.0,2810.0,2894.0,1543.0,1351.0,832.0,37.0,539.0,575.0,353.0,222.0,291.0,70.0,548.0,619.0,210.0,408.0,2084.0,51.1,43.8,72.1,70.8,73.2,68.2,26.0,30.5,16.1,16.6,18.6,14.1,25.9,37.0,37.0,14.1,15.1,10.0,20.6,65.0,7295.0,3207.0,191.0,3897.0,4088.0,2106.0,1982.0,6.9,22.2,3726.0,867.0,2703.0,18.9,Jan-Mar 2014,Jan-Mar\n2014
57,2014-05-01,83.0,2880.0,2963.0,1579.0,1384.0,841.0,32.0,466.0,498.0,309.0,189.0,263.0,62.0,582.0,643.0,225.0,418.0,2080.0,52.2,46.9,73.3,72.2,74.7,69.5,26.4,28.1,13.9,14.4,16.4,12.0,23.9,37.4,34.8,14.8,15.7,10.7,21.0,65.3,7289.0,3184.0,177.0,3927.0,4104.0,2113.0,1991.0,6.5,22.2,3803.0,762.0,2723.0,16.7,Apr-Jun 2014,Apr-Jun\n2014
58,2014-08-01,81.0,2869.0,2950.0,1573.0,1376.0,867.0,35.0,461.0,496.0,312.0,184.0,252.0,62.0,577.0,639.0,216.0,423.0,2077.0,52.4,45.2,73.4,72.2,74.9,69.4,27.1,30.5,13.8,14.4,16.6,11.8,22.5,37.3,34.9,14.8,15.6,10.3,21.3,65.0,7282.0,3197.0,179.0,3906.0,4085.0,2101.0,1984.0,6.2,22.3,3817.0,748.0,2717.0,16.4,Jul-Sep 2014,Jul-Sep\n2014
59,2014-11-01,93.0,2866.0,2959.0,1596.0,1363.0,866.0,39.0,463.0,502.0,299.0,203.0,249.0,67.0,578.0,645.0,207.0,438.0,2054.0,52.6,47.0,73.3,72.1,75.9,68.0,27.3,29.4,13.9,14.5,15.8,13.0,22.3,37.1,33.5,14.8,15.7,9.8,21.9,64.8,7275.0,3169.0,199.0,3908.0,4106.0,2102.0,2004.0,5.9,22.3,3825.0,751.0,2699.0,16.4,Oct-Dec 2014,Oct-Dec\n2014
60,2015-02-01,86.0,2896.0,2983.0,1608.0,1374.0,885.0,36.0,440.0,476.0,286.0,190.0,254.0,64.0,578.0,641.0,223.0,419.0,2029.0,53.2,46.3,74.0,72.7,76.0,69.3,27.9,29.6,13.2,13.8,15.1,12.1,22.3,36.7,34.1,14.8,15.6,10.5,21.1,64.0,7269.0,3169.0,186.0,3914.0,4100.0,2117.0,1983.0,5.7,22.2,3868.0,731.0,2670.0,15.9,Jan-Mar 2015,Jan-Mar\n2015
61,2015-05-01,73.0,2910.0,2983.0,1590.0,1393.0,900.0,32.0,435.0,467.0,285.0,181.0,257.0,54.0,549.0,603.0,209.0,394.0,2053.0,53.5,45.9,74.7,73.6,76.3,70.8,28.0,30.4,13.0,13.5,15.2,11.5,22.2,36.6,34.1,14.1,14.9,10.0,20.0,64.0,7262.0,3209.0,160.0,3893.0,4053.0,2084.0,1968.0,5.8,22.2,3883.0,724.0,2655.0,15.7,Apr-Jun 2015,Apr-Jun\n2015
62,2015-08-01,74.0,2929.0,3003.0,1612.0,1391.0,967.0,32.0,399.0,431.0,253.0,179.0,226.0,56.0,549.0,605.0,234.0,371.0,2016.0,54.8,45.6,75.5,74.3,76.8,71.7,30.1,30.5,12.0,12.6,13.6,11.4,18.9,36.2,34.4,14.2,15.0,11.2,19.1,62.8,7248.0,3209.0,162.0,3877.0,4039.0,2099.0,1940.0,5.5,22.1,3970.0,657.0,2621.0,14.2,Jul-Sep 2015,Jul-Sep\n2015
63,2015-11-01,74.0,2915.0,2989.0,1605.0,1384.0,973.0,32.0,375.0,408.0,244.0,163.0,217.0,51.0,555.0,605.0,228.0,378.0,2038.0,54.8,47.0,75.8,74.7,77.3,71.9,30.1,30.5,11.4,12.0,13.2,10.6,18.2,36.6,32.3,14.4,15.1,11.0,19.6,63.1,7231.0,3228.0,157.0,3845.0,4002.0,2077.0,1926.0,5.3,21.9,3962.0,625.0,2643.0,13.6,Oct-Dec 2015,Oct-Dec\n2015
64,2016-02-01,84.0,2915.0,2999.0,1607.0,1392.0,953.0,36.0,378.0,415.0,241.0,174.0,212.0,60.0,567.0,628.0,243.0,385.0,2007.0,54.8,46.4,75.5,74.2,76.9,71.4,30.0,30.1,11.5,12.1,13.0,11.1,18.2,36.5,33.5,14.7,15.5,11.6,19.7,63.3,7213.0,3172.0,180.0,3861.0,4041.0,2091.0,1950.0,5.2,21.9,3952.0,627.0,2635.0,13.7,Jan-Mar 2016,Jan-Mar\n2016
65,2016-05-01,86.0,2920.0,3006.0,1588.0,1418.0,928.0,36.0,375.0,410.0,245.0,166.0,208.0,67.0,542.0,608.0,250.0,358.0,2035.0,54.7,45.7,76.1,74.7,76.2,73.0,29.3,29.3,11.4,12.0,13.4,10.5,18.3,36.7,35.4,14.1,15.1,12.0,18.4,64.2,7195.0,3171.0,188.0,3836.0,4024.0,2083.0,1941.0,5.1,21.8,3934.0,618.0,2643.0,13.6,Apr-Jun 2016,Apr-Jun\n2016
66,2016-08-01,68.0,2916.0,2984.0,1558.0,1426.0,922.0,36.0,364.0,400.0,251.0,149.0,197.0,56.0,569.0,625.0,267.0,358.0,2043.0,54.5,42.5,75.8,74.4,75.0,73.8,29.2,34.5,11.1,11.8,13.9,9.4,17.6,37.2,35.1,14.8,15.6,12.9,18.5,64.6,7172.0,3163.0,160.0,3849.0,4009.0,2076.0,1933.0,5.0,21.8,3907.0,597.0,2668.0,13.3,Jul-Sep 2016,Jul-Sep\n2016
67,2016-11-01,74.0,2929.0,3003.0,1575.0,1428.0,925.0,31.0,333.0,364.0,236.0,128.0,198.0,68.0,563.0,631.0,282.0,350.0,2024.0,55.0,42.9,76.6,75.1,75.3,74.9,29.4,29.2,10.2,10.8,13.0,8.2,17.6,37.2,39.3,14.7,15.8,13.5,18.3,64.3,7146.0,3148.0,173.0,3825.0,3998.0,2092.0,1906.0,4.9,21.8,3928.0,562.0,2656.0,12.5,Oct-Dec 2016,Oct-Dec\n2016
68,2017-02-01,85.0,2924.0,3010.0,1599.0,1410.0,911.0,37.0,324.0,361.0,228.0,133.0,195.0,56.0,545.0,601.0,261.0,340.0,2042.0,55.1,48.0,77.1,75.8,76.6,74.9,28.9,30.2,10.0,10.7,12.5,8.6,17.7,37.1,31.3,14.4,15.1,12.5,18.1,64.9,7120.0,3148.0,178.0,3794.0,3972.0,2088.0,1884.0,4.8,21.7,3920.0,557.0,2643.0,12.4,Jan-Mar 2017,Jan-Mar\n2017
69,2017-05-01,74.0,2939.0,3013.0,1624.0,1389.0,879.0,33.0,324.0,357.0,215.0,143.0,188.0,68.0,534.0,603.0,259.0,343.0,2054.0,54.9,42.2,77.4,75.8,77.4,74.1,28.2,31.0,9.9,10.6,11.7,9.3,17.6,37.5,38.8,14.1,15.2,12.4,18.3,65.8,7094.0,3121.0,176.0,3797.0,3973.0,2098.0,1875.0,4.6,21.5,3892.0,545.0,2657.0,12.3,Apr-Jun 2017,Apr-Jun\n2017
70,2017-08-01,80.0,2879.0,2959.0,1556.0,1403.0,855.0,33.0,312.0,345.0,207.0,137.0,178.0,77.0,563.0,640.0,303.0,338.0,2094.0,53.9,42.0,76.7,75.0,75.3,74.7,27.3,29.0,9.8,10.4,11.8,8.9,17.2,38.7,40.8,15.0,16.2,14.7,18.0,67.0,7070.0,3126.0,190.0,3754.0,3944.0,2066.0,1878.0,4.4,21.7,3814.0,522.0,2734.0,12.0,Jul-Sep 2017,Jul-Sep\n2017
71,2017-11-01,84.0,2866.0,2951.0,1573.0,1377.0,863.0,38.0,323.0,361.0,208.0,152.0,180.0,75.0,565.0,640.0,292.0,348.0,2053.0,54.1,42.8,76.3,74.7,75.9,73.4,27.9,30.9,10.1,10.9,11.7,10.0,17.3,38.2,38.0,15.1,16.2,14.1,18.5,66.3,7047.0,3096.0,197.0,3754.0,3951.0,2074.0,1878.0,4.5,21.5,3814.0,541.0,2693.0,12.4,Oct-Dec 2017,Oct-Dec\n2017
72,2018-02-01,76.0,2913.0,2989.0,1592.0,1397.0,859.0,33.0,316.0,349.0,203.0,146.0,174.0,65.0,588.0,653.0,294.0,360.0,2000.0,54.8,43.6,76.3,74.9,76.2,73.4,28.3,30.4,9.8,10.5,11.3,9.5,16.8,37.8,37.4,15.4,16.4,14.1,18.9,65.9,7024.0,3033.0,174.0,3818.0,3991.0,2089.0,1903.0,4.4,21.3,3848.0,523.0,2653.0,12.0,Jan-Mar 2018,Jan-Mar\n2018
73,2018-05-01,83.0,2861.0,2944.0,1571.0,1373.0,891.0,23.0,304.0,327.0,199.0,127.0,163.0,79.0,569.0,648.0,282.0,366.0,2028.0,54.8,45.0,76.6,75.1,76.6,73.6,28.9,21.5,9.6,10.0,11.3,8.5,15.5,38.2,42.7,15.2,16.5,13.7,19.6,65.8,7001.0,3083.0,185.0,3734.0,3918.0,2052.0,1866.0,4.2,21.4,3835.0,490.0,2676.0,11.3,Apr-Jun 2018,Apr-Jun\n2018
74,2018-08-01,72.0,2847.0,2920.0,1575.0,1345.0,881.0,14.0,293.0,307.0,177.0,131.0,170.0,73.0,562.0,635.0,250.0,385.0,2065.0,54.5,45.3,76.9,75.6,78.7,72.3,28.3,16.2,9.3,9.5,10.1,8.9,16.2,38.7,45.9,15.2,16.4,12.5,20.7,66.3,6979.0,3116.0,160.0,3703.0,3862.0,2002.0,1861.0,4.3,21.4,3801.0,477.0,2700.0,11.2,Jul-Sep 2018,Jul-Sep\n2018
75,2018-11-01,68.0,2882.0,2950.0,1587.0,1362.0,880.0,29.0,315.0,344.0,205.0,139.0,166.0,73.0,534.0,608.0,238.0,369.0,2010.0,55.0,40.1,77.2,75.6,78.2,72.8,28.8,29.5,9.9,10.4,11.4,9.3,15.9,37.6,43.1,14.3,15.6,11.7,19.7,65.8,6957.0,3056.0,170.0,3731.0,3901.0,2030.0,1871.0,4.2,21.2,3830.0,510.0,2617.0,11.8,Oct-Dec 2018,Oct-Dec\n2018
76,2019-02-01,80.0,2870.0,2950.0,1572.0,1378.0,889.0,20.0,310.0,330.0,200.0,130.0,137.0,75.0,528.0,603.0,261.0,342.0,2027.0,55.4,45.7,77.4,76.0,77.3,74.5,29.1,20.1,9.7,10.1,11.3,8.6,13.3,37.9,42.9,14.2,15.5,12.8,18.5,66.4,6936.0,3052.0,176.0,3708.0,3883.0,2033.0,1850.0,4.0,21.1,3839.0,467.0,2630.0,10.8,Jan-Mar 2019,Jan-Mar\n2019
77,2019-05-01,89.0,2846.0,2935.0,1549.0,1386.0,875.0,21.0,334.0,356.0,223.0,132.0,147.0,77.0,532.0,609.0,280.0,329.0,1993.0,55.1,47.5,76.7,75.3,75.5,75.0,29.0,19.5,10.5,10.8,12.6,8.7,14.3,37.6,41.0,14.3,15.6,13.6,17.8,66.1,6914.0,3014.0,187.0,3712.0,3900.0,2052.0,1848.0,4.1,21.0,3810.0,502.0,2601.0,11.6,Apr-Jun 2019,Apr-Jun\n2019
78,2019-08-01,92.0,2757.0,2850.0,1527.0,1322.0,859.0,28.0,325.0,353.0,233.0,120.0,147.0,88.0,556.0,644.0,283.0,361.0,2046.0,53.8,44.3,75.8,74.1,74.8,73.3,28.1,23.4,10.5,11.0,13.2,8.4,14.6,39.0,42.2,15.3,16.7,13.8,20.0,67.0,6900.0,3053.0,208.0,3638.0,3847.0,2043.0,1804.0,4.0,21.1,3709.0,500.0,2690.0,11.9,Jul-Sep 2019,Jul-Sep\n2019
79,2019-11-01,81.0,2848.0,2930.0,1580.0,1350.0,860.0,33.0,306.0,339.0,216.0,124.0,141.0,80.0,542.0,622.0,269.0,353.0,1996.0,55.0,41.8,77.1,75.3,76.5,73.9,28.7,28.9,9.7,10.4,12.0,8.4,14.1,38.0,41.2,14.7,16.0,13.0,19.3,66.6,6889.0,2998.0,195.0,3696.0,3891.0,2064.0,1827.0,3.9,20.8,3790.0,481.0,2618.0,11.3,Oct-Dec 2019,Oct-Dec\n2019
80,2020-02-01,71.0,2791.0,2863.0,1555.0,1307.0,929.0,36.0,320.0,356.0,218.0,138.0,175.0,80.0,552.0,633.0,287.0,346.0,1917.0,55.2,38.0,76.2,74.3,75.5,73.0,30.8,33.6,10.3,11.1,12.3,9.6,15.9,37.1,42.8,15.1,16.4,13.9,19.3,63.5,6873.0,3022.0,188.0,3664.0,3852.0,2060.0,1791.0,4.2,20.7,3792.0,531.0,2550.0,12.3,Jan-Mar 2020,Jan-Mar\n2020
81,2020-05-01,60.0,2767.0,2827.0,1507.0,1320.0,840.0,32.0,332.0,364.0,222.0,142.0,186.0,116.0,613.0,729.0,339.0,390.0,1906.0,53.5,29.0,74.5,72.1,72.9,71.2,28.6,34.7,10.7,11.4,12.8,9.7,18.2,38.5,55.6,16.5,18.6,16.4,21.1,65.0,6852.0,2932.0,209.0,3712.0,3920.0,2067.0,1853.0,4.3,21.3,3667.0,550.0,2635.0,13.0,Apr-Jun 2020,Apr-Jun\n2020
82,2020-08-01,49.0,2598.0,2647.0,1394.0,1253.0,833.0,20.0,387.0,407.0,271.0,136.0,202.0,82.0,498.0,580.0,277.0,303.0,2181.0,50.8,32.6,74.6,72.8,71.8,74.1,25.9,28.7,13.0,13.3,16.3,9.8,19.5,40.3,54.2,14.3,16.0,14.3,17.9,67.8,6850.0,3216.0,152.0,3482.0,3634.0,1942.0,1691.0,5.1,21.5,3480.0,609.0,2761.0,14.9,Jul-Sep 2020,Jul-Sep\n2020
83,2020-11-01,57.0,2630.0,2687.0,1427.0,1260.0,774.0,17.0,389.0,405.0,256.0,150.0,193.0,75.0,519.0,594.0,305.0,288.0,2180.0,50.7,38.4,74.4,72.9,71.8,74.2,24.6,22.5,12.9,13.1,15.2,10.6,20.0,40.6,50.5,14.7,16.1,15.3,17.0,69.3,6833.0,3147.0,148.0,3538.0,3686.0,1988.0,1698.0,5.5,21.5,3461.0,598.0,2774.0,14.7,Oct-Dec 2020,Oct-Dec\n2020
84,2021-02-01,47.0,2637.0,2685.0,1416.0,1269.0,754.0,17.0,353.0,370.0,229.0,140.0,175.0,69.0,517.0,586.0,301.0,285.0,2248.0,50.4,35.3,75.2,73.7,72.8,74.9,23.7,26.7,11.8,12.1,13.9,10.0,18.8,41.6,51.8,14.7,16.1,15.5,16.8,70.8,6816.0,3176.0,133.0,3507.0,3640.0,1946.0,1694.0,5.2,21.7,3438.0,545.0,2833.0,13.7,Jan-Mar 2021,Jan-Mar\n2021
85,2021-05-01,51.0,2672.0,2723.0,1432.0,1291.0,802.0,23.0,297.0,320.0,193.0,128.0,206.0,71.0,469.0,541.0,258.0,282.0,2213.0,51.8,35.1,77.7,76.0,76.0,75.9,24.9,31.2,10.0,10.5,11.9,9.0,20.4,40.5,49.0,13.6,15.1,13.7,16.6,68.7,6805.0,3221.0,146.0,3439.0,3585.0,1884.0,1701.0,4.9,21.6,3525.0,526.0,2754.0,13.0,Apr-Jun 2021,Apr-Jun\n2021
86,2021-08-01,58.0,2628.0,2687.0,1440.0,1247.0,927.0,14.0,289.0,303.0,184.0,119.0,174.0,66.0,530.0,596.0,292.0,305.0,2129.0,53.0,42.0,76.3,74.9,75.2,74.6,28.7,19.7,9.9,10.1,11.3,8.7,15.8,40.0,47.7,15.4,16.6,15.2,18.2,65.9,6815.0,3229.0,139.0,3447.0,3586.0,1916.0,1670.0,4.5,21.6,3614.0,477.0,2725.0,11.7,Jul-Sep 2021,Jul-Sep\n2021
87,2021-11-01,57.0,2633.0,2690.0,1408.0,1282.0,1007.0,19.0,275.0,294.0,182.0,112.0,166.0,82.0,537.0,618.0,325.0,293.0,2037.0,54.3,35.9,76.4,74.7,73.5,76.0,31.4,25.4,9.5,9.9,11.5,8.0,14.2,39.0,51.9,15.6,17.2,17.0,17.4,63.4,6813.0,3211.0,158.0,3445.0,3603.0,1916.0,1687.0,4.3,21.7,3697.0,461.0,2655.0,11.1,Oct-Dec 2021,Oct-Dec\n2021
88,2022-02-01,63.0,2689.0,2752.0,1439.0,1314.0,955.0,26.0,252.0,279.0,186.0,93.0,159.0,84.0,518.0,602.0,284.0,318.0,2070.0,54.4,36.4,77.7,75.8,75.4,76.2,30.0,29.4,8.6,9.2,11.4,6.6,14.3,39.2,48.5,15.0,16.6,14.9,18.4,65.0,6817.0,3183.0,173.0,3460.0,3633.0,1909.0,1724.0,3.9,21.8,3707.0,438.0,2672.0,10.6,Jan-Mar 2022,Jan-Mar\n2022
89,2022-05-01,75.0,2708.0,2782.0,1442.0,1340.0,925.0,23.0,246.0,269.0,182.0,87.0,160.0,68.0,550.0,618.0,284.0,334.0,2069.0,54.3,45.1,77.3,75.8,75.6,76.1,29.3,23.6,8.3,8.8,11.2,6.1,14.8,39.4,41.0,15.7,16.8,14.9,19.0,65.6,6824.0,3154.0,166.0,3503.0,3669.0,1908.0,1762.0,4.0,21.8,3708.0,429.0,2687.0,10.4,Apr-Jun 2022,Apr-Jun\n2022
90,2022-08-01,75.0,2732.0,2807.0,1433.0,1374.0,965.0,22.0,254.0,276.0,168.0,109.0,158.0,100.0,570.0,671.0,338.0,333.0,2145.0,53.7,38.1,76.8,74.8,73.9,75.7,29.5,22.6,8.5,9.0,10.5,7.3,14.1,40.1,50.8,16.0,17.9,17.4,18.4,65.6,7023.0,3268.0,198.0,3557.0,3755.0,1939.0,1816.0,3.8,22.0,3772.0,434.0,2816.0,10.3,Jul-Sep 2022,Jul-Sep\n2022
91,2022-11-01,64.0,2690.0,2755.0,1410.0,1344.0,1018.0,29.0,306.0,335.0,207.0,128.0,157.0,113.0,603.0,717.0,333.0,384.0,2059.0,53.6,31.2,74.7,72.4,72.3,72.4,31.5,30.7,10.2,10.8,12.8,8.7,13.3,39.4,55.0,16.8,18.8,17.1,20.7,63.7,7039.0,3233.0,206.0,3600.0,3806.0,1950.0,1856.0,4.0,21.7,3772.0,491.0,2775.0,11.5,Oct-Dec 2022,Oct-Dec\n2022
92,2023-02-01,88.0,2763.0,2852.0,1512.0,1340.0,996.0,20.0,325.0,345.0,206.0,139.0,162.0,103.0,580.0,683.0,300.0,382.0,2018.0,54.5,42.0,75.3,73.5,74.9,72.0,31.4,18.2,10.5,10.8,12.0,9.4,14.0,38.3,48.7,15.8,17.6,14.9,20.5,63.5,7056.0,3177.0,211.0,3668.0,3879.0,2018.0,1861.0,4.1,21.5,3848.0,507.0,2701.0,11.6,Jan-Mar 2023,Jan-Mar\n2023
93,2023-05-01,81.0,2682.0,2764.0,1473.0,1291.0,1035.0,22.0,341.0,362.0,249.0,114.0,170.0,94.0,552.0,646.0,268.0,378.0,2095.0,53.7,41.2,75.0,73.3,74.1,72.4,31.4,21.2,11.3,11.6,14.4,8.1,14.1,38.8,47.7,15.4,17.1,13.5,21.2,63.5,7072.0,3300.0,197.0,3575.0,3772.0,1989.0,1783.0,4.3,21.4,3798.0,533.0,2741.0,12.3,Apr-Jun 2023,Apr-Jun\n2023
94,2023-08-01,83.0,2551.0,2635.0,1382.0,1253.0,1007.0,15.0,310.0,325.0,226.0,99.0,174.0,112.0,626.0,738.0,320.0,418.0,2214.0,51.3,39.6,73.2,71.3,71.7,70.8,29.7,15.7,10.8,11.0,14.1,7.3,14.7,41.6,53.1,18.0,20.0,16.6,23.6,65.2,7093.0,3395.0,211.0,3487.0,3698.0,1928.0,1770.0,4.2,21.9,3641.0,499.0,2952.0,12.1,Jul-Sep 2023,Jul-Sep\n2023
95,2023-11-01,98.0,2651.0,2749.0,1461.0,1288.0,930.0,18.0,296.0,314.0,209.0,106.0,167.0,114.0,619.0,732.0,345.0,387.0,2223.0,51.7,42.5,74.3,72.4,72.5,72.3,28.0,15.7,10.0,10.3,12.5,7.6,15.2,41.5,49.5,17.3,19.3,17.1,21.7,67.0,7115.0,3320.0,230.0,3565.0,3795.0,2015.0,1780.0,3.9,21.9,3678.0,481.0,2956.0,11.6,Oct-Dec 2023,Oct-Dec\n2023
96,2024-02-01,79.0,2637.0,2716.0,1409.0,1306.0,884.0,31.0,323.0,353.0,228.0,126.0,186.0,107.0,666.0,772.0,388.0,384.0,2226.0,50.4,36.5,72.7,70.7,69.6,71.9,26.8,27.9,10.9,11.5,13.9,8.8,17.4,42.0,49.3,18.4,20.1,19.2,21.2,67.5,7138.0,3296.0,216.0,3625.0,3842.0,2025.0,1816.0,4.4,22.1,3600.0,540.0,2998.0,13.0,Jan-Mar 2024,Jan-Mar\n2024
97,2024-05-01,91.0,2578.0,2669.0,1411.0,1258.0,946.0,32.0,330.0,362.0,231.0,130.0,198.0,101.0,627.0,728.0,363.0,365.0,2258.0,50.5,40.8,72.9,71.0,70.4,71.7,27.8,25.9,11.3,11.9,14.1,9.4,17.3,41.7,45.0,17.7,19.4,18.1,20.8,66.4,7160.0,3402.0,223.0,3535.0,3758.0,2005.0,1754.0,4.2,22.2,3615.0,559.0,2986.0,13.4,Apr-Jun 2024,Apr-Jun\n2024
