geography_code,date,date_name,value,notes
E14000530,2023-09-01,Oct 2022-Sep 2023,15.4,Normal Value
E14000531,2023-09-01,Oct 2022-Sep 2023,19.3,Normal Value
E14000532,2023-09-01,Oct 2022-Sep 2023,22.4,Normal Value
E14000533,2023-09-01,Oct 2022-Sep 2023,20.9,Normal Value
E14000534,2023-09-01,Oct 2022-Sep 2023,18.2,Normal Value
E14000535,2023-09-01,Oct 2022-Sep 2023,36.0,Normal Value
E14000536,2023-09-01,Oct 2022-Sep 2023,30.3,Normal Value
E14000537,2023-09-01,Oct 2022-Sep 2023,26.6,Normal Value
E14000538,2023-09-01,Oct 2022-Sep 2023,15.3,Normal Value
E14000539,2023-09-01,Oct 2022-Sep 2023,19.6,Normal Value
E14000540,2023-09-01,Oct 2022-Sep 2023,23.6,Normal Value
E14000541,2023-09-01,Oct 2022-Sep 2023,30.5,Normal Value
E14000542,2023-09-01,Oct 2022-Sep 2023,22.3,Normal Value
E14000543,2023-09-01,Oct 2022-Sep 2023,23.8,Normal Value
E14000544,2023-09-01,Oct 2022-Sep 2023,20.7,Normal Value
E14000545,2023-09-01,Oct 2022-Sep 2023,16.9,Normal Value
E14000546,2023-09-01,Oct 2022-Sep 2023,24.4,Normal Value
E14000547,2023-09-01,Oct 2022-Sep 2023,16.4,Normal Value
E14000548,2023-09-01,Oct 2022-Sep 2023,29.9,Normal Value
E14000549,2023-09-01,Oct 2022-Sep 2023,7.4,Normal Value
E14000550,2023-09-01,Oct 2022-Sep 2023,19.8,Normal Value
E14000551,2023-09-01,Oct 2022-Sep 2023,20.5,Normal Value
E14000552,2023-09-01,Oct 2022-Sep 2023,16.8,Normal Value
E14000553,2023-09-01,Oct 2022-Sep 2023,21.0,Normal Value
E14000554,2023-09-01,Oct 2022-Sep 2023,26.4,Normal Value
E14000555,2023-09-01,Oct 2022-Sep 2023,28.2,Normal Value
E14000556,2023-09-01,Oct 2022-Sep 2023,20.3,Normal Value
E14000557,2023-09-01,Oct 2022-Sep 2023,26.6,Normal Value
E14000558,2023-09-01,Oct 2022-Sep 2023,24.0,Normal Value
E14000559,2023-09-01,Oct 2022-Sep 2023,29.0,Normal Value
E14000560,2023-09-01,Oct 2022-Sep 2023,26.3,Normal Value
E14000561,2023-09-01,Oct 2022-Sep 2023,30.8,Normal Value
E14000562,2023-09-01,Oct 2022-Sep 2023,22.4,Normal Value
E14000563,2023-09-01,Oct 2022-Sep 2023,43.9,Normal Value
E14000564,2023-09-01,Oct 2022-Sep 2023,29.4,Normal Value
E14000565,2023-09-01,Oct 2022-Sep 2023,26.8,Normal Value
E14000566,2023-09-01,Oct 2022-Sep 2023,17.2,Normal Value
E14000567,2023-09-01,Oct 2022-Sep 2023,22.4,Normal Value
E14000568,2023-09-01,Oct 2022-Sep 2023,37.0,Normal Value
E14000569,2023-09-01,Oct 2022-Sep 2023,25.6,Normal Value
E14000570,2023-09-01,Oct 2022-Sep 2023,30.3,Normal Value
E14000571,2023-09-01,Oct 2022-Sep 2023,33.3,Normal Value
E14000572,2023-09-01,Oct 2022-Sep 2023,23.9,Normal Value
E14000573,2023-09-01,Oct 2022-Sep 2023,27.8,Normal Value
E14000574,2023-09-01,Oct 2022-Sep 2023,31.4,Normal Value
E14000575,2023-09-01,Oct 2022-Sep 2023,16.4,Normal Value
E14000576,2023-09-01,Oct 2022-Sep 2023,9.4,Normal Value
E14000577,2023-09-01,Oct 2022-Sep 2023,18.5,Normal Value
E14000578,2023-09-01,Oct 2022-Sep 2023,32.6,Normal Value
E14000579,2023-09-01,Oct 2022-Sep 2023,28.5,Normal Value
E14000580,2023-09-01,Oct 2022-Sep 2023,19.6,Normal Value
E14000581,2023-09-01,Oct 2022-Sep 2023,24.5,Normal Value
E14000582,2023-09-01,Oct 2022-Sep 2023,26.1,Normal Value
E14000583,2023-09-01,Oct 2022-Sep 2023,16.8,Normal Value
E14000584,2023-09-01,Oct 2022-Sep 2023,18.8,Normal Value
E14000585,2023-09-01,Oct 2022-Sep 2023,16.4,Normal Value
E14000586,2023-09-01,Oct 2022-Sep 2023,16.5,Normal Value
E14000587,2023-09-01,Oct 2022-Sep 2023,30.3,Normal Value
E14000588,2023-09-01,Oct 2022-Sep 2023,23.5,Normal Value
E14000589,2023-09-01,Oct 2022-Sep 2023,28.1,Normal Value
E14000590,2023-09-01,Oct 2022-Sep 2023,22.8,Normal Value
E14000591,2023-09-01,Oct 2022-Sep 2023,34.3,Normal Value
E14000592,2023-09-01,Oct 2022-Sep 2023,32.3,Normal Value
E14000593,2023-09-01,Oct 2022-Sep 2023,17.4,Normal Value
E14000594,2023-09-01,Oct 2022-Sep 2023,21.8,Normal Value
E14000595,2023-09-01,Oct 2022-Sep 2023,19.0,Normal Value
E14000596,2023-09-01,Oct 2022-Sep 2023,16.8,Normal Value
E14000597,2023-09-01,Oct 2022-Sep 2023,33.9,Normal Value
E14000598,2023-09-01,Oct 2022-Sep 2023,22.9,Normal Value
E14000599,2023-09-01,Oct 2022-Sep 2023,13.2,Normal Value
E14000600,2023-09-01,Oct 2022-Sep 2023,18.9,Normal Value
E14000601,2023-09-01,Oct 2022-Sep 2023,20.2,Normal Value
E14000602,2023-09-01,Oct 2022-Sep 2023,25.1,Normal Value
E14000603,2023-09-01,Oct 2022-Sep 2023,25.0,Normal Value
E14000604,2023-09-01,Oct 2022-Sep 2023,13.2,Normal Value
E14000605,2023-09-01,Oct 2022-Sep 2023,11.4,Normal Value
E14000606,2023-09-01,Oct 2022-Sep 2023,22.6,Normal Value
E14000607,2023-09-01,Oct 2022-Sep 2023,22.4,Normal Value
E14000608,2023-09-01,Oct 2022-Sep 2023,20.1,Normal Value
E14000609,2023-09-01,Oct 2022-Sep 2023,21.2,Normal Value
E14000610,2023-09-01,Oct 2022-Sep 2023,21.2,Normal Value
E14000611,2023-09-01,Oct 2022-Sep 2023,17.5,Normal Value
E14000612,2023-09-01,Oct 2022-Sep 2023,20.8,Normal Value
E14000613,2023-09-01,Oct 2022-Sep 2023,25.1,Normal Value
E14000614,2023-09-01,Oct 2022-Sep 2023,21.4,Normal Value
E14000615,2023-09-01,Oct 2022-Sep 2023,19.2,Normal Value
E14000616,2023-09-01,Oct 2022-Sep 2023,14.0,Normal Value
E14000617,2023-09-01,Oct 2022-Sep 2023,18.9,Normal Value
E14000618,2023-09-01,Oct 2022-Sep 2023,15.4,Normal Value
E14000619,2023-09-01,Oct 2022-Sep 2023,39.5,Normal Value
E14000620,2023-09-01,Oct 2022-Sep 2023,14.7,Normal Value
E14000621,2023-09-01,Oct 2022-Sep 2023,11.8,Normal Value
E14000622,2023-09-01,Oct 2022-Sep 2023,9.8,Normal Value
E14000623,2023-09-01,Oct 2022-Sep 2023,21.9,Normal Value
E14000624,2023-09-01,Oct 2022-Sep 2023,18.9,Normal Value
E14000625,2023-09-01,Oct 2022-Sep 2023,12.3,Normal Value
E14000626,2023-09-01,Oct 2022-Sep 2023,17.4,Normal Value
E14000627,2023-09-01,Oct 2022-Sep 2023,18.3,Normal Value
E14000628,2023-09-01,Oct 2022-Sep 2023,12.3,Normal Value
E14000629,2023-09-01,Oct 2022-Sep 2023,28.9,Normal Value
E14000630,2023-09-01,Oct 2022-Sep 2023,16.2,Normal Value
E14000631,2023-09-01,Oct 2022-Sep 2023,12.1,Normal Value
E14000632,2023-09-01,Oct 2022-Sep 2023,21.9,Normal Value
E14000633,2023-09-01,Oct 2022-Sep 2023,27.6,Normal Value
E14000634,2023-09-01,Oct 2022-Sep 2023,14.0,Normal Value
E14000635,2023-09-01,Oct 2022-Sep 2023,16.6,Normal Value
E14000636,2023-09-01,Oct 2022-Sep 2023,31.1,Normal Value
E14000637,2023-09-01,Oct 2022-Sep 2023,32.3,Normal Value
E14000638,2023-09-01,Oct 2022-Sep 2023,21.2,Normal Value
E14000639,2023-09-01,Oct 2022-Sep 2023,24.8,Normal Value
E14000640,2023-09-01,Oct 2022-Sep 2023,27.9,Normal Value
E14000641,2023-09-01,Oct 2022-Sep 2023,25.8,Normal Value
E14000642,2023-09-01,Oct 2022-Sep 2023,30.2,Normal Value
E14000643,2023-09-01,Oct 2022-Sep 2023,24.4,Normal Value
E14000644,2023-09-01,Oct 2022-Sep 2023,27.4,Normal Value
E14000645,2023-09-01,Oct 2022-Sep 2023,21.0,Normal Value
E14000646,2023-09-01,Oct 2022-Sep 2023,15.5,Normal Value
E14000647,2023-09-01,Oct 2022-Sep 2023,22.3,Normal Value
E14000648,2023-09-01,Oct 2022-Sep 2023,14.6,Normal Value
E14000649,2023-09-01,Oct 2022-Sep 2023,27.0,Normal Value
E14000650,2023-09-01,Oct 2022-Sep 2023,16.1,Normal Value
E14000651,2023-09-01,Oct 2022-Sep 2023,25.2,Normal Value
E14000652,2023-09-01,Oct 2022-Sep 2023,27.6,Normal Value
E14000653,2023-09-01,Oct 2022-Sep 2023,21.3,Normal Value
E14000654,2023-09-01,Oct 2022-Sep 2023,17.6,Normal Value
E14000655,2023-09-01,Oct 2022-Sep 2023,29.4,Normal Value
E14000656,2023-09-01,Oct 2022-Sep 2023,11.9,Normal Value
E14000657,2023-09-01,Oct 2022-Sep 2023,20.5,Normal Value
E14000658,2023-09-01,Oct 2022-Sep 2023,15.0,Normal Value
E14000659,2023-09-01,Oct 2022-Sep 2023,13.2,Normal Value
E14000660,2023-09-01,Oct 2022-Sep 2023,24.3,Normal Value
E14000661,2023-09-01,Oct 2022-Sep 2023,21.1,Normal Value
E14000662,2023-09-01,Oct 2022-Sep 2023,16.5,Normal Value
E14000663,2023-09-01,Oct 2022-Sep 2023,22.5,Normal Value
E14000664,2023-09-01,Oct 2022-Sep 2023,21.6,Normal Value
E14000665,2023-09-01,Oct 2022-Sep 2023,16.6,Normal Value
E14000666,2023-09-01,Oct 2022-Sep 2023,24.0,Normal Value
E14000667,2023-09-01,Oct 2022-Sep 2023,23.3,Normal Value
E14000668,2023-09-01,Oct 2022-Sep 2023,26.1,Normal Value
E14000669,2023-09-01,Oct 2022-Sep 2023,19.8,Normal Value
E14000670,2023-09-01,Oct 2022-Sep 2023,16.0,Normal Value
E14000671,2023-09-01,Oct 2022-Sep 2023,21.8,Normal Value
E14000672,2023-09-01,Oct 2022-Sep 2023,23.1,Normal Value
E14000673,2023-09-01,Oct 2022-Sep 2023,10.8,Normal Value
E14000674,2023-09-01,Oct 2022-Sep 2023,17.8,Normal Value
E14000675,2023-09-01,Oct 2022-Sep 2023,19.5,Normal Value
E14000676,2023-06-01,Jul 2022-Jun 2023,16.8,Normal Value
E14000677,2023-09-01,Oct 2022-Sep 2023,24.7,Normal Value
E14000678,2023-09-01,Oct 2022-Sep 2023,20.1,Normal Value
E14000679,2023-09-01,Oct 2022-Sep 2023,32.7,Normal Value
E14000680,2023-09-01,Oct 2022-Sep 2023,13.1,Normal Value
E14000681,2023-09-01,Oct 2022-Sep 2023,22.8,Normal Value
E14000682,2023-09-01,Oct 2022-Sep 2023,20.3,Normal Value
E14000683,2023-09-01,Oct 2022-Sep 2023,25.5,Normal Value
E14000684,2023-09-01,Oct 2022-Sep 2023,18.1,Normal Value
E14000685,2023-09-01,Oct 2022-Sep 2023,11.5,Normal Value
E14000686,2023-09-01,Oct 2022-Sep 2023,28.7,Normal Value
E14000687,2023-09-01,Oct 2022-Sep 2023,46.7,Normal Value
E14000688,2023-09-01,Oct 2022-Sep 2023,32.8,Normal Value
E14000689,2023-09-01,Oct 2022-Sep 2023,23.4,Normal Value
E14000690,2023-09-01,Oct 2022-Sep 2023,17.6,Normal Value
E14000691,2023-09-01,Oct 2022-Sep 2023,32.6,Normal Value
E14000692,2023-09-01,Oct 2022-Sep 2023,19.4,Normal Value
E14000693,2023-09-01,Oct 2022-Sep 2023,22.2,Normal Value
E14000694,2023-09-01,Oct 2022-Sep 2023,12.6,Normal Value
E14000695,2023-09-01,Oct 2022-Sep 2023,20.1,Normal Value
E14000696,2023-09-01,Oct 2022-Sep 2023,22.4,Normal Value
E14000697,2023-09-01,Oct 2022-Sep 2023,23.4,Normal Value
E14000698,2023-09-01,Oct 2022-Sep 2023,19.8,Normal Value
E14000699,2023-09-01,Oct 2022-Sep 2023,9.7,Normal Value
E14000700,2023-09-01,Oct 2022-Sep 2023,29.5,Normal Value
E14000701,2023-09-01,Oct 2022-Sep 2023,22.3,Normal Value
E14000702,2023-09-01,Oct 2022-Sep 2023,12.8,Normal Value
E14000703,2023-09-01,Oct 2022-Sep 2023,16.1,Normal Value
E14000704,2023-09-01,Oct 2022-Sep 2023,24.1,Normal Value
E14000705,2023-09-01,Oct 2022-Sep 2023,18.2,Normal Value
E14000706,2023-09-01,Oct 2022-Sep 2023,18.5,Normal Value
E14000707,2023-09-01,Oct 2022-Sep 2023,25.7,Normal Value
E14000708,2023-09-01,Oct 2022-Sep 2023,34.1,Normal Value
E14000709,2023-09-01,Oct 2022-Sep 2023,21.8,Normal Value
E14000710,2023-09-01,Oct 2022-Sep 2023,27.5,Normal Value
E14000711,2023-09-01,Oct 2022-Sep 2023,19.1,Normal Value
E14000712,2023-09-01,Oct 2022-Sep 2023,16.0,Normal Value
E14000713,2023-09-01,Oct 2022-Sep 2023,18.5,Normal Value
E14000714,2023-09-01,Oct 2022-Sep 2023,21.7,Normal Value
E14000715,2023-09-01,Oct 2022-Sep 2023,10.8,Normal Value
E14000716,2023-09-01,Oct 2022-Sep 2023,23.2,Normal Value
E14000717,2023-09-01,Oct 2022-Sep 2023,26.7,Normal Value
E14000718,2023-09-01,Oct 2022-Sep 2023,12.3,Normal Value
E14000719,2023-09-01,Oct 2022-Sep 2023,15.5,Normal Value
E14000720,2023-09-01,Oct 2022-Sep 2023,17.3,Normal Value
E14000721,2023-09-01,Oct 2022-Sep 2023,13.3,Normal Value
E14000722,2023-09-01,Oct 2022-Sep 2023,13.6,Normal Value
E14000723,2023-09-01,Oct 2022-Sep 2023,22.7,Normal Value
E14000724,2023-09-01,Oct 2022-Sep 2023,13.3,Normal Value
E14000725,2023-09-01,Oct 2022-Sep 2023,21.8,Normal Value
E14000726,2023-09-01,Oct 2022-Sep 2023,21.4,Normal Value
E14000727,2023-09-01,Oct 2022-Sep 2023,31.2,Normal Value
E14000728,2023-09-01,Oct 2022-Sep 2023,18.6,Normal Value
E14000729,2023-09-01,Oct 2022-Sep 2023,17.7,Normal Value
E14000730,2023-09-01,Oct 2022-Sep 2023,15.7,Normal Value
E14000731,2023-09-01,Oct 2022-Sep 2023,36.5,Normal Value
E14000732,2023-09-01,Oct 2022-Sep 2023,10.9,Normal Value
E14000733,2023-09-01,Oct 2022-Sep 2023,27.2,Normal Value
E14000734,2023-09-01,Oct 2022-Sep 2023,23.1,Normal Value
E14000735,2023-09-01,Oct 2022-Sep 2023,27.1,Normal Value
E14000736,2023-09-01,Oct 2022-Sep 2023,29.8,Normal Value
E14000737,2023-09-01,Oct 2022-Sep 2023,35.1,Normal Value
E14000738,2023-09-01,Oct 2022-Sep 2023,17.4,Normal Value
E14000739,2023-09-01,Oct 2022-Sep 2023,27.4,Normal Value
E14000740,2023-09-01,Oct 2022-Sep 2023,32.5,Normal Value
E14000741,2023-09-01,Oct 2022-Sep 2023,34.0,Normal Value
E14000742,2023-09-01,Oct 2022-Sep 2023,27.0,Normal Value
E14000743,2023-09-01,Oct 2022-Sep 2023,24.6,Normal Value
E14000744,2023-09-01,Oct 2022-Sep 2023,18.2,Normal Value
E14000745,2023-09-01,Oct 2022-Sep 2023,22.6,Normal Value
E14000746,2023-09-01,Oct 2022-Sep 2023,25.3,Normal Value
E14000747,2023-09-01,Oct 2022-Sep 2023,21.7,Normal Value
E14000748,2023-09-01,Oct 2022-Sep 2023,19.3,Normal Value
E14000749,2023-09-01,Oct 2022-Sep 2023,17.9,Normal Value
E14000750,2023-09-01,Oct 2022-Sep 2023,19.8,Normal Value
E14000751,2023-09-01,Oct 2022-Sep 2023,14.4,Normal Value
E14000752,2023-09-01,Oct 2022-Sep 2023,21.9,Normal Value
E14000753,2023-09-01,Oct 2022-Sep 2023,17.2,Normal Value
E14000754,2023-09-01,Oct 2022-Sep 2023,24.0,Normal Value
E14000755,2023-09-01,Oct 2022-Sep 2023,11.6,Normal Value
E14000756,2023-09-01,Oct 2022-Sep 2023,19.1,Normal Value
E14000757,2023-09-01,Oct 2022-Sep 2023,14.4,Normal Value
E14000758,2023-09-01,Oct 2022-Sep 2023,17.6,Normal Value
E14000759,2023-09-01,Oct 2022-Sep 2023,26.4,Normal Value
E14000760,2023-09-01,Oct 2022-Sep 2023,33.3,Normal Value
E14000761,2023-09-01,Oct 2022-Sep 2023,13.6,Normal Value
E14000762,2023-09-01,Oct 2022-Sep 2023,26.2,Normal Value
E14000763,2023-09-01,Oct 2022-Sep 2023,16.6,Normal Value
E14000764,2023-09-01,Oct 2022-Sep 2023,14.5,Normal Value
E14000765,2023-09-01,Oct 2022-Sep 2023,24.1,Normal Value
E14000766,2023-09-01,Oct 2022-Sep 2023,25.5,Normal Value
E14000767,2023-09-01,Oct 2022-Sep 2023,17.8,Normal Value
E14000768,2023-09-01,Oct 2022-Sep 2023,32.0,Normal Value
E14000769,2023-09-01,Oct 2022-Sep 2023,23.4,Normal Value
E14000770,2023-09-01,Oct 2022-Sep 2023,10.5,Normal Value
E14000771,2023-09-01,Oct 2022-Sep 2023,17.7,Normal Value
E14000772,2023-09-01,Oct 2022-Sep 2023,29.5,Normal Value
E14000773,2023-09-01,Oct 2022-Sep 2023,20.4,Normal Value
E14000774,2023-09-01,Oct 2022-Sep 2023,15.2,Normal Value
E14000775,2023-09-01,Oct 2022-Sep 2023,23.1,Normal Value
E14000776,2023-09-01,Oct 2022-Sep 2023,31.7,Normal Value
E14000777,2023-09-01,Oct 2022-Sep 2023,15.7,Normal Value
E14000778,2023-09-01,Oct 2022-Sep 2023,40.8,Normal Value
E14000779,2023-09-01,Oct 2022-Sep 2023,17.2,Normal Value
E14000780,2023-09-01,Oct 2022-Sep 2023,15.1,Normal Value
E14000781,2023-09-01,Oct 2022-Sep 2023,21.8,Normal Value
E14000782,2023-09-01,Oct 2022-Sep 2023,33.1,Normal Value
E14000783,2023-09-01,Oct 2022-Sep 2023,25.4,Normal Value
E14000784,2023-09-01,Oct 2022-Sep 2023,27.3,Normal Value
E14000785,2023-09-01,Oct 2022-Sep 2023,32.3,Normal Value
E14000786,2023-09-01,Oct 2022-Sep 2023,22.8,Normal Value
E14000787,2023-09-01,Oct 2022-Sep 2023,18.9,Normal Value
E14000788,2023-09-01,Oct 2022-Sep 2023,14.8,Normal Value
E14000789,2023-09-01,Oct 2022-Sep 2023,13.8,Normal Value
E14000790,2023-09-01,Oct 2022-Sep 2023,28.5,Normal Value
E14000791,2023-09-01,Oct 2022-Sep 2023,16.2,Normal Value
E14000792,2023-09-01,Oct 2022-Sep 2023,26.6,Normal Value
E14000793,2023-09-01,Oct 2022-Sep 2023,21.3,Normal Value
E14000794,2023-09-01,Oct 2022-Sep 2023,21.5,Normal Value
E14000795,2023-09-01,Oct 2022-Sep 2023,24.9,Normal Value
E14000796,2023-09-01,Oct 2022-Sep 2023,26.5,Normal Value
E14000797,2023-09-01,Oct 2022-Sep 2023,23.8,Normal Value
E14000798,2023-09-01,Oct 2022-Sep 2023,20.1,Normal Value
E14000799,2023-09-01,Oct 2022-Sep 2023,18.1,Normal Value
E14000800,2023-09-01,Oct 2022-Sep 2023,19.6,Normal Value
E14000801,2023-09-01,Oct 2022-Sep 2023,27.9,Normal Value
E14000802,2023-09-01,Oct 2022-Sep 2023,8.7,Normal Value
E14000803,2023-09-01,Oct 2022-Sep 2023,13.9,Normal Value
E14000804,2023-09-01,Oct 2022-Sep 2023,23.1,Normal Value
E14000805,2023-09-01,Oct 2022-Sep 2023,22.3,Normal Value
E14000806,2023-09-01,Oct 2022-Sep 2023,16.1,Normal Value
E14000807,2023-09-01,Oct 2022-Sep 2023,31.7,Normal Value
E14000808,2023-09-01,Oct 2022-Sep 2023,18.7,Normal Value
E14000809,2023-09-01,Oct 2022-Sep 2023,16.7,Normal Value
E14000810,2023-09-01,Oct 2022-Sep 2023,25.4,Normal Value
E14000811,2023-09-01,Oct 2022-Sep 2023,24.2,Normal Value
E14000812,2023-09-01,Oct 2022-Sep 2023,19.8,Normal Value
E14000813,2023-09-01,Oct 2022-Sep 2023,17.6,Normal Value
E14000814,2023-09-01,Oct 2022-Sep 2023,17.7,Normal Value
E14000815,2023-09-01,Oct 2022-Sep 2023,11.4,Normal Value
E14000816,2023-09-01,Oct 2022-Sep 2023,28.8,Normal Value
E14000817,2023-09-01,Oct 2022-Sep 2023,23.2,Normal Value
E14000818,2023-09-01,Oct 2022-Sep 2023,20.1,Normal Value
E14000819,2023-09-01,Oct 2022-Sep 2023,25.9,Normal Value
E14000820,2023-09-01,Oct 2022-Sep 2023,21.8,Normal Value
E14000821,2023-09-01,Oct 2022-Sep 2023,20.3,Normal Value
E14000822,2023-09-01,Oct 2022-Sep 2023,18.3,Normal Value
E14000823,2023-09-01,Oct 2022-Sep 2023,16.4,Normal Value
E14000824,2023-09-01,Oct 2022-Sep 2023,10.3,Normal Value
E14000825,2023-09-01,Oct 2022-Sep 2023,20.6,Normal Value
E14000826,2023-09-01,Oct 2022-Sep 2023,11.2,Normal Value
E14000827,2023-09-01,Oct 2022-Sep 2023,22.0,Normal Value
E14000828,2023-09-01,Oct 2022-Sep 2023,10.7,Normal Value
E14000829,2023-09-01,Oct 2022-Sep 2023,21.5,Normal Value
E14000830,2023-09-01,Oct 2022-Sep 2023,16.1,Normal Value
E14000831,2023-09-01,Oct 2022-Sep 2023,34.3,Normal Value
E14000832,2023-09-01,Oct 2022-Sep 2023,30.0,Normal Value
E14000833,2023-09-01,Oct 2022-Sep 2023,11.3,Normal Value
E14000834,2023-09-01,Oct 2022-Sep 2023,10.6,Normal Value
E14000835,2023-09-01,Oct 2022-Sep 2023,17.0,Normal Value
E14000836,2023-09-01,Oct 2022-Sep 2023,18.2,Normal Value
E14000837,2023-09-01,Oct 2022-Sep 2023,37.5,Normal Value
E14000838,2023-09-01,Oct 2022-Sep 2023,17.9,Normal Value
E14000839,2023-09-01,Oct 2022-Sep 2023,19.6,Normal Value
E14000840,2023-09-01,Oct 2022-Sep 2023,25.5,Normal Value
E14000841,2023-09-01,Oct 2022-Sep 2023,17.3,Normal Value
E14000842,2023-09-01,Oct 2022-Sep 2023,24.9,Normal Value
E14000843,2023-09-01,Oct 2022-Sep 2023,30.2,Normal Value
E14000844,2023-09-01,Oct 2022-Sep 2023,11.6,Normal Value
E14000845,2023-09-01,Oct 2022-Sep 2023,11.4,Normal Value
E14000846,2023-09-01,Oct 2022-Sep 2023,15.9,Normal Value
E14000847,2023-09-01,Oct 2022-Sep 2023,18.6,Normal Value
E14000848,2023-09-01,Oct 2022-Sep 2023,19.1,Normal Value
E14000849,2023-09-01,Oct 2022-Sep 2023,24.8,Normal Value
E14000850,2023-09-01,Oct 2022-Sep 2023,12.3,Normal Value
E14000851,2023-09-01,Oct 2022-Sep 2023,19.0,Normal Value
E14000852,2023-09-01,Oct 2022-Sep 2023,14.3,Normal Value
E14000853,2023-09-01,Oct 2022-Sep 2023,22.5,Normal Value
E14000854,2023-09-01,Oct 2022-Sep 2023,13.9,Normal Value
E14000855,2023-09-01,Oct 2022-Sep 2023,16.8,Normal Value
E14000856,2023-09-01,Oct 2022-Sep 2023,25.8,Normal Value
E14000857,2023-09-01,Oct 2022-Sep 2023,17.6,Normal Value
E14000858,2023-09-01,Oct 2022-Sep 2023,17.2,Normal Value
E14000859,2023-09-01,Oct 2022-Sep 2023,16.4,Normal Value
E14000860,2023-09-01,Oct 2022-Sep 2023,26.7,Normal Value
E14000861,2023-09-01,Oct 2022-Sep 2023,21.0,Normal Value
E14000862,2023-09-01,Oct 2022-Sep 2023,22.8,Normal Value
E14000863,2023-09-01,Oct 2022-Sep 2023,20.4,Normal Value
E14000864,2023-09-01,Oct 2022-Sep 2023,15.0,Normal Value
E14000865,2023-09-01,Oct 2022-Sep 2023,28.6,Normal Value
E14000866,2023-09-01,Oct 2022-Sep 2023,34.0,Normal Value
E14000867,2023-09-01,Oct 2022-Sep 2023,33.3,Normal Value
E14000868,2023-09-01,Oct 2022-Sep 2023,17.9,Normal Value
E14000869,2023-09-01,Oct 2022-Sep 2023,15.3,Normal Value
E14000870,2023-09-01,Oct 2022-Sep 2023,22.0,Normal Value
E14000871,2023-09-01,Oct 2022-Sep 2023,25.1,Normal Value
E14000872,2023-09-01,Oct 2022-Sep 2023,14.2,Normal Value
E14000873,2023-09-01,Oct 2022-Sep 2023,16.8,Normal Value
E14000874,2023-09-01,Oct 2022-Sep 2023,7.6,Normal Value
E14000875,2023-09-01,Oct 2022-Sep 2023,35.6,Normal Value
E14000876,2023-09-01,Oct 2022-Sep 2023,11.4,Normal Value
E14000877,2023-09-01,Oct 2022-Sep 2023,8.1,Normal Value
E14000878,2023-09-01,Oct 2022-Sep 2023,16.1,Normal Value
E14000879,2023-09-01,Oct 2022-Sep 2023,24.7,Normal Value
E14000880,2023-09-01,Oct 2022-Sep 2023,22.7,Normal Value
E14000881,2023-09-01,Oct 2022-Sep 2023,19.0,Normal Value
E14000882,2023-09-01,Oct 2022-Sep 2023,20.7,Normal Value
E14000883,2023-09-01,Oct 2022-Sep 2023,15.4,Normal Value
E14000884,2023-09-01,Oct 2022-Sep 2023,19.4,Normal Value
E14000885,2023-09-01,Oct 2022-Sep 2023,17.7,Normal Value
E14000886,2023-09-01,Oct 2022-Sep 2023,9.7,Normal Value
E14000887,2023-09-01,Oct 2022-Sep 2023,13.3,Normal Value
E14000888,2023-09-01,Oct 2022-Sep 2023,19.1,Normal Value
E14000889,2023-09-01,Oct 2022-Sep 2023,10.6,Normal Value
E14000890,2023-09-01,Oct 2022-Sep 2023,11.7,Normal Value
E14000891,2023-09-01,Oct 2022-Sep 2023,25.9,Normal Value
E14000892,2023-09-01,Oct 2022-Sep 2023,22.8,Normal Value
E14000893,2023-09-01,Oct 2022-Sep 2023,9.0,Normal Value
E14000894,2023-09-01,Oct 2022-Sep 2023,18.7,Normal Value
E14000895,2023-09-01,Oct 2022-Sep 2023,19.1,Normal Value
E14000896,2023-09-01,Oct 2022-Sep 2023,16.0,Normal Value
E14000897,2023-09-01,Oct 2022-Sep 2023,27.7,Normal Value
E14000898,2023-09-01,Oct 2022-Sep 2023,12.5,Normal Value
E14000899,2023-09-01,Oct 2022-Sep 2023,22.0,Normal Value
E14000900,2023-09-01,Oct 2022-Sep 2023,15.4,Normal Value
E14000901,2023-09-01,Oct 2022-Sep 2023,16.4,Normal Value
E14000902,2023-09-01,Oct 2022-Sep 2023,28.3,Normal Value
E14000903,2023-09-01,Oct 2022-Sep 2023,21.1,Normal Value
E14000904,2023-09-01,Oct 2022-Sep 2023,32.9,Normal Value
E14000905,2023-09-01,Oct 2022-Sep 2023,20.2,Normal Value
E14000906,2023-09-01,Oct 2022-Sep 2023,19.1,Normal Value
E14000907,2023-09-01,Oct 2022-Sep 2023,14.6,Normal Value
E14000908,2023-09-01,Oct 2022-Sep 2023,13.9,Normal Value
E14000909,2023-09-01,Oct 2022-Sep 2023,19.3,Normal Value
E14000910,2023-09-01,Oct 2022-Sep 2023,18.4,Normal Value
E14000911,2023-09-01,Oct 2022-Sep 2023,16.8,Normal Value
E14000912,2023-09-01,Oct 2022-Sep 2023,23.2,Normal Value
E14000913,2023-09-01,Oct 2022-Sep 2023,28.6,Normal Value
E14000914,2023-09-01,Oct 2022-Sep 2023,23.3,Normal Value
E14000915,2023-09-01,Oct 2022-Sep 2023,30.0,Normal Value
E14000916,2023-09-01,Oct 2022-Sep 2023,23.4,Normal Value
E14000917,2023-09-01,Oct 2022-Sep 2023,17.9,Normal Value
E14000918,2023-09-01,Oct 2022-Sep 2023,26.1,Normal Value
E14000919,2023-09-01,Oct 2022-Sep 2023,14.7,Normal Value
E14000920,2023-09-01,Oct 2022-Sep 2023,28.8,Normal Value
E14000921,2023-09-01,Oct 2022-Sep 2023,30.8,Normal Value
E14000922,2023-09-01,Oct 2022-Sep 2023,23.6,Normal Value
E14000923,2023-09-01,Oct 2022-Sep 2023,24.5,Normal Value
E14000924,2023-09-01,Oct 2022-Sep 2023,18.8,Normal Value
E14000925,2023-09-01,Oct 2022-Sep 2023,29.9,Normal Value
E14000926,2023-09-01,Oct 2022-Sep 2023,14.1,Normal Value
E14000927,2023-09-01,Oct 2022-Sep 2023,17.8,Normal Value
E14000928,2023-09-01,Oct 2022-Sep 2023,21.8,Normal Value
E14000929,2023-09-01,Oct 2022-Sep 2023,26.6,Normal Value
E14000930,2023-09-01,Oct 2022-Sep 2023,20.3,Normal Value
E14000931,2023-09-01,Oct 2022-Sep 2023,18.3,Normal Value
E14000932,2023-09-01,Oct 2022-Sep 2023,17.9,Normal Value
E14000933,2023-09-01,Oct 2022-Sep 2023,10.0,Normal Value
E14000934,2023-09-01,Oct 2022-Sep 2023,14.8,Normal Value
E14000935,2023-09-01,Oct 2022-Sep 2023,20.2,Normal Value
E14000936,2023-09-01,Oct 2022-Sep 2023,23.6,Normal Value
E14000937,2023-09-01,Oct 2022-Sep 2023,12.1,Normal Value
E14000938,2023-09-01,Oct 2022-Sep 2023,30.1,Normal Value
E14000939,2023-09-01,Oct 2022-Sep 2023,13.9,Normal Value
E14000940,2023-09-01,Oct 2022-Sep 2023,12.4,Normal Value
E14000941,2023-09-01,Oct 2022-Sep 2023,11.3,Normal Value
E14000942,2023-09-01,Oct 2022-Sep 2023,10.4,Normal Value
E14000943,2023-09-01,Oct 2022-Sep 2023,13.1,Normal Value
E14000944,2023-09-01,Oct 2022-Sep 2023,31.1,Normal Value
E14000945,2023-09-01,Oct 2022-Sep 2023,12.0,Normal Value
E14000946,2023-09-01,Oct 2022-Sep 2023,25.6,Normal Value
E14000947,2023-09-01,Oct 2022-Sep 2023,21.9,Normal Value
E14000948,2023-09-01,Oct 2022-Sep 2023,33.4,Normal Value
E14000949,2023-09-01,Oct 2022-Sep 2023,13.2,Normal Value
E14000950,2023-09-01,Oct 2022-Sep 2023,23.2,Normal Value
E14000951,2023-09-01,Oct 2022-Sep 2023,19.2,Normal Value
E14000952,2023-09-01,Oct 2022-Sep 2023,11.4,Normal Value
E14000953,2023-09-01,Oct 2022-Sep 2023,12.0,Normal Value
E14000954,2023-09-01,Oct 2022-Sep 2023,12.7,Normal Value
E14000955,2023-09-01,Oct 2022-Sep 2023,21.6,Normal Value
E14000956,2023-09-01,Oct 2022-Sep 2023,20.3,Normal Value
E14000957,2023-09-01,Oct 2022-Sep 2023,23.8,Normal Value
E14000958,2023-09-01,Oct 2022-Sep 2023,17.5,Normal Value
E14000959,2023-09-01,Oct 2022-Sep 2023,19.7,Normal Value
E14000960,2023-09-01,Oct 2022-Sep 2023,12.4,Normal Value
E14000961,2023-09-01,Oct 2022-Sep 2023,13.5,Normal Value
E14000962,2023-09-01,Oct 2022-Sep 2023,15.8,Normal Value
E14000963,2023-09-01,Oct 2022-Sep 2023,23.8,Normal Value
E14000964,2023-09-01,Oct 2022-Sep 2023,25.9,Normal Value
E14000965,2023-09-01,Oct 2022-Sep 2023,21.3,Normal Value
E14000966,2023-09-01,Oct 2022-Sep 2023,20.4,Normal Value
E14000967,2023-09-01,Oct 2022-Sep 2023,23.2,Normal Value
E14000968,2023-09-01,Oct 2022-Sep 2023,24.3,Normal Value
E14000969,2023-09-01,Oct 2022-Sep 2023,18.7,Normal Value
E14000970,2023-09-01,Oct 2022-Sep 2023,28.6,Normal Value
E14000971,2023-09-01,Oct 2022-Sep 2023,19.4,Normal Value
E14000972,2023-09-01,Oct 2022-Sep 2023,31.0,Normal Value
E14000973,2023-09-01,Oct 2022-Sep 2023,18.6,Normal Value
E14000974,2023-09-01,Oct 2022-Sep 2023,18.2,Normal Value
E14000975,2023-09-01,Oct 2022-Sep 2023,20.5,Normal Value
E14000976,2023-09-01,Oct 2022-Sep 2023,18.4,Normal Value
E14000977,2023-09-01,Oct 2022-Sep 2023,13.5,Normal Value
E14000978,2023-09-01,Oct 2022-Sep 2023,19.0,Normal Value
E14000979,2023-09-01,Oct 2022-Sep 2023,23.6,Normal Value
E14000980,2023-09-01,Oct 2022-Sep 2023,9.6,Normal Value
E14000981,2023-09-01,Oct 2022-Sep 2023,19.5,Normal Value
E14000982,2023-09-01,Oct 2022-Sep 2023,27.9,Normal Value
E14000983,2023-09-01,Oct 2022-Sep 2023,15.8,Normal Value
E14000984,2023-09-01,Oct 2022-Sep 2023,21.8,Normal Value
E14000985,2023-09-01,Oct 2022-Sep 2023,14.2,Normal Value
E14000986,2023-09-01,Oct 2022-Sep 2023,18.6,Normal Value
E14000987,2023-09-01,Oct 2022-Sep 2023,25.8,Normal Value
E14000988,2023-09-01,Oct 2022-Sep 2023,14.5,Normal Value
E14000989,2023-09-01,Oct 2022-Sep 2023,22.7,Normal Value
E14000990,2023-09-01,Oct 2022-Sep 2023,16.2,Normal Value
E14000991,2023-09-01,Oct 2022-Sep 2023,22.6,Normal Value
E14000992,2023-09-01,Oct 2022-Sep 2023,14.4,Normal Value
E14000993,2023-09-01,Oct 2022-Sep 2023,15.4,Normal Value
E14000994,2023-09-01,Oct 2022-Sep 2023,18.0,Normal Value
E14000995,2023-09-01,Oct 2022-Sep 2023,19.2,Normal Value
E14000996,2023-09-01,Oct 2022-Sep 2023,19.0,Normal Value
E14000997,2023-09-01,Oct 2022-Sep 2023,19.6,Normal Value
E14000998,2023-09-01,Oct 2022-Sep 2023,13.3,Normal Value
E14000999,2023-09-01,Oct 2022-Sep 2023,22.7,Normal Value
E14001000,2023-09-01,Oct 2022-Sep 2023,20.7,Normal Value
E14001001,2023-09-01,Oct 2022-Sep 2023,18.1,Normal Value
E14001002,2023-09-01,Oct 2022-Sep 2023,24.0,Normal Value
E14001003,2023-09-01,Oct 2022-Sep 2023,21.2,Normal Value
E14001004,2023-09-01,Oct 2022-Sep 2023,10.4,Normal Value
E14001005,2023-09-01,Oct 2022-Sep 2023,19.9,Normal Value
E14001006,2023-09-01,Oct 2022-Sep 2023,22.6,Normal Value
E14001007,2023-09-01,Oct 2022-Sep 2023,18.7,Normal Value
E14001008,2023-09-01,Oct 2022-Sep 2023,18.2,Normal Value
E14001009,2023-09-01,Oct 2022-Sep 2023,19.9,Normal Value
E14001010,2023-09-01,Oct 2022-Sep 2023,6.9,Normal Value
E14001011,2023-09-01,Oct 2022-Sep 2023,30.8,Normal Value
E14001012,2023-09-01,Oct 2022-Sep 2023,18.5,Normal Value
E14001013,2023-09-01,Oct 2022-Sep 2023,30.3,Normal Value
E14001014,2023-09-01,Oct 2022-Sep 2023,40.9,Normal Value
E14001015,2023-09-01,Oct 2022-Sep 2023,18.8,Normal Value
E14001016,2023-09-01,Oct 2022-Sep 2023,23.8,Normal Value
E14001017,2023-09-01,Oct 2022-Sep 2023,16.3,Normal Value
E14001018,2023-09-01,Oct 2022-Sep 2023,18.5,Normal Value
E14001019,2023-09-01,Oct 2022-Sep 2023,19.4,Normal Value
E14001020,2023-09-01,Oct 2022-Sep 2023,22.9,Normal Value
E14001021,2023-09-01,Oct 2022-Sep 2023,16.8,Normal Value
E14001022,2023-09-01,Oct 2022-Sep 2023,18.4,Normal Value
E14001023,2023-09-01,Oct 2022-Sep 2023,20.6,Normal Value
E14001024,2023-09-01,Oct 2022-Sep 2023,17.2,Normal Value
E14001025,2023-09-01,Oct 2022-Sep 2023,20.1,Normal Value
E14001026,2023-09-01,Oct 2022-Sep 2023,20.1,Normal Value
E14001027,2023-09-01,Oct 2022-Sep 2023,21.5,Normal Value
E14001028,2023-09-01,Oct 2022-Sep 2023,30.9,Normal Value
E14001029,2023-09-01,Oct 2022-Sep 2023,23.6,Normal Value
E14001030,2023-09-01,Oct 2022-Sep 2023,36.5,Normal Value
E14001031,2023-09-01,Oct 2022-Sep 2023,20.5,Normal Value
E14001032,2023-09-01,Oct 2022-Sep 2023,24.1,Normal Value
E14001033,2023-09-01,Oct 2022-Sep 2023,22.4,Normal Value
E14001034,2023-09-01,Oct 2022-Sep 2023,20.6,Normal Value
E14001035,2023-09-01,Oct 2022-Sep 2023,11.2,Normal Value
E14001036,2023-09-01,Oct 2022-Sep 2023,24.3,Normal Value
E14001037,2023-09-01,Oct 2022-Sep 2023,14.8,Normal Value
E14001038,2023-09-01,Oct 2022-Sep 2023,11.6,Normal Value
E14001039,2023-09-01,Oct 2022-Sep 2023,25.0,Normal Value
E14001040,2023-09-01,Oct 2022-Sep 2023,24.0,Normal Value
E14001041,2023-09-01,Oct 2022-Sep 2023,19.2,Normal Value
E14001042,2023-09-01,Oct 2022-Sep 2023,18.3,Normal Value
E14001043,2023-09-01,Oct 2022-Sep 2023,25.8,Normal Value
E14001044,2023-09-01,Oct 2022-Sep 2023,25.8,Normal Value
E14001045,2023-09-01,Oct 2022-Sep 2023,18.9,Normal Value
E14001046,2023-09-01,Oct 2022-Sep 2023,14.3,Normal Value
E14001047,2023-09-01,Oct 2022-Sep 2023,12.3,Normal Value
E14001048,2023-09-01,Oct 2022-Sep 2023,16.9,Normal Value
E14001049,2023-09-01,Oct 2022-Sep 2023,23.3,Normal Value
E14001050,2023-09-01,Oct 2022-Sep 2023,24.6,Normal Value
E14001051,2023-09-01,Oct 2022-Sep 2023,29.4,Normal Value
E14001052,2023-09-01,Oct 2022-Sep 2023,13.6,Normal Value
E14001053,2023-09-01,Oct 2022-Sep 2023,20.0,Normal Value
E14001054,2023-09-01,Oct 2022-Sep 2023,25.9,Normal Value
E14001055,2023-09-01,Oct 2022-Sep 2023,23.6,Normal Value
E14001056,2023-09-01,Oct 2022-Sep 2023,20.5,Normal Value
E14001057,2023-09-01,Oct 2022-Sep 2023,21.7,Normal Value
E14001058,2023-09-01,Oct 2022-Sep 2023,19.2,Normal Value
E14001059,2023-09-01,Oct 2022-Sep 2023,18.0,Normal Value
E14001060,2023-09-01,Oct 2022-Sep 2023,22.9,Normal Value
E14001061,2023-09-01,Oct 2022-Sep 2023,15.7,Normal Value
E14001062,2023-09-01,Oct 2022-Sep 2023,18.8,Normal Value
